player_id,player_name
100713,John Fitzgerald
100179,Karl Meiler
100798,Howard Sands
100551,Brad Drewett
100618,Leif Shiras
100772,Kelly Evernden
100714,Broderick Dyke
100923,Wally Masur
100744,Peter Doohan
100868,Craig A Miller
100674,Jeff Turpin
100761,Danny Saltz
100474,Chris Lewis
100519,Scott Mccain
100747,Glenn Layendecker
100343,John Lloyd
100757,Anders Jarryd
100780,Mike De Palmer
100362,Peter Fleming
100962,Thomas Hogstedt
100402,Francisco Gonzalez
100280,Wojtek Fibak
100628,Michiel Schapers
100428,Gene Mayer
100446,John Sadri
100617,Bud Schultz
100901,Paul Annacone
100529,Kevin Curren
100752,Ramesh Krishnan
100657,Mike Leach
100567,Chip Hooper
100586,Eliot Teltscher
100800,Diego Perez
100292,Alvaro Fillol
100636,Gustavo Tiberti
100922,Roberto Arguello
101686,Franco Davin
100727,Raul Antonio Viver
101368,Christian Miniussi
101131,Jimmy Brown
101048,Francisco Maciel
100398,Julio Goes
100630,Gustavo Guerrero
101073,Martin Jaite
101276,Horacio De La Pena
100548,Ivan Kley
100865,Marcelo Ingaramo
100821,Hans Simonsson
100631,Tim Wilkison
100431,Mansour Bahrami
101158,John Frawley
100936,Henri Leconte
100790,Bruce Derlin
100600,Pascal Portes
100884,Steve Shaw
100504,Jerome Vanier
100403,Rolf Gehring
100765,Rodney Harmon
100781,Bernhard Pils
100946,Slobodan Zivojinovic
100426,Hans Peter Kandler
100530,Andreas Maurer
101020,Hans Schwaier
100829,Jan Gunnarsson
100536,Fernando Luna
100711,Pedro Rebolledo
100848,Alberto Tous
101109,Tarik Benhabiles
100651,Alejandro Ganzabal
100942,Thierry Tulasne
100395,Victor Pecci
100894,Francesco Cancellotti
100646,Claudio Panatta
101387,Claudio Pistolesi
100663,Marcel Freeman
100460,Jose Lopez Maeso
101124,Paolo Cane
100782,Pablo Arraya
101142,Emilio Sanchez
101080,Lawson Duncan
101086,Ronald Agenor
101180,Jose Clavet
100607,Eduardo Bengoechea
100300,Jose Higueras
100938,Jaromir Becka
100809,Juan Aguilera
100950,Libor Pimek
100498,Klaus Eberhard
101029,Ricki Osterthun
100555,Jose Luis Clerc
101240,Martin Hipp
101036,Miloslav Mecir
100411,Pavel Slozil
100652,Cassio Motta
100893,Joakim Nystrom
101120,Karel Novacek
100393,Marcos Hocevar
100910,Magnus Tideman
101110,David De Miguel
100719,Juan Avendano
100624,Derek Tarr
100764,Gabriel Urpi
101000,Carl Limberger
101195,Amos Mansdorf
101381,Aaron Krickstein
100857,Sergio Casal
100543,Peter Elter
100635,Mark Dickson
100907,Luca Bottazzi
100639,Blaine Willenborg
100534,Steve Meister
101061,Jimmy Arias
100356,Paul Mcnamee
100905,Sammy Giammalva Jr
100253,Tom Gullikson
100689,Tim Mayotte
101138,Pat Cash
100321,Vijay Amritraj
100337,Mark Edmondson
101414,Boris Becker
100740,Dan Cassidy
100489,Larry Stefanki
100815,David Pate
100440,Eddie Edwards
100326,Russell Simpson
100606,Mike Bauer
100701,Marko Ostoja
100532,Johan Kriek
100518,Ricardo Acuna
100315,Hank Pfister
100609,Zoltan Kuharszky
100956,Simone Colombo
101012,Massimiliano Narducci
100661,Damir Keretic
101147,Claudio Mezzadri
101030,Goran Prpic
100645,Huub Van Boeckel
100598,Wolfgang Popp
100553,Nduka Odizor
100477,Gianni Ocleppo
100728,Todd Nelson
100623,Roger Knapp
100252,Tim Gullikson
100565,Lloyd Bourne
100837,Jeremy Bates
100833,Marc Flur
100570,Marty Davis
100360,Brian Teacher
101098,Guy Forget
100276,Terry Moor
100640,Stefan Simonsson
100515,Shlomo Glickstein
100390,Trevor Allan
100579,Heinz Gunthardt
101119,Marian Vajda
101196,Derrick Rostagno
100836,Glenn Michibata
100855,Scott Davis
101062,Mats Wilander
101298,Jonas Svensson
101013,Henrik Sundstrom
101190,Darren Cahill
101154,Simon Youl
100730,Florin Segarceanu
101222,Stefan Edberg
101426,Kent Carlsson
100951,Alessandro De Minicis
101035,Menno Oosting
101031,Massimo Cierro
100323,Givaldo Barbosa
100434,Tomas Smid
100759,Danie Visser
100562,Tom Cain
100660,Bob Green
101026,Jim Grabb
100763,Brad Gilbert
101113,Michael Westphal
101511,Horst Skoff
100866,Shahar Perkiss
101007,Guillermo Rivas
101233,Alex Antonitsch
100696,Mark Buckley
101378,Tore Meinecke
101340,Ricky Brown
100517,Matt Doyle
100797,Ben Testerman
100957,Greg Holmes
101093,Steve Devries
100682,Ernie Fernandez
101274,Udo Riglewski
100475,Matt Mitchell
100656,Ivan Lendl
200630,Alexander Zverev Sr
101084,Jakob Hlasek
101230,Andrei Chesnokov
101374,Leonardo Lavalle
101115,Jorge Bardou
101344,Bruno Oresar
101006,Bruno Dadillon
100993,Loic Courteau
101404,Thomas Muster
101081,Massimo Zampieri
101057,Peter Carter
101256,Mark Kratzmann
100676,Yannick Noah
100119,Ilie Nastase
100880,Russell Barlow
100490,Jaroslav Navratil
100844,Jerome Potier
100970,Stefan Eriksson
100449,Stanislav Birner
100603,Roland Stadler
100332,Balazs Taroczy
100564,Cary Stansbury
100877,Brett Dickinson
100522,Chris Dunk
100945,Craig Campbell
100737,Gary Lemon
100560,Jacques Manset
101295,Toshihisa Tsuchihashi
100934,Matt Anger
100485,Tsuyoshi Fukui
100920,Robert Seguso
101226,Johan Carlsson
100918,Harald Rittersbacher
100794,Srinivasan Vasudevan
100926,Ken Flach
101145,Jonathan Canter
100686,Karl Richter
100830,Gary Donnelly
100831,Rick Rudeen
100502,Vincent Van Patten
100796,Ahmed El Mehelmy
107159,Hajime Nihonmatsu
100834,Karsten Schulz
100935,Michael Robertson
100597,Jay Lapidus
100913,Peter Carlsson
101332,Gilad Bloom
100742,Christo Steyn
101117,Eric Jelen
101380,Amit Naor
101185,Mark Woodforde
100870,Christo Van Rensburg
100383,Peter Mcnamara
101106,Peter Lundgren
100653,Andres Gomez
101377,Christian Bergstrom
101285,Thierry Champion
100273,Kim Warwick
100840,Mark Wooldridge
100452,Bill Scanlon
100751,Roberto Saad
100917,Nelson Aerts
101650,Shane Barr
100240,Joao Soares
100611,Mel Purcell
100272,Sandy Mayer
100284,Jimmy Connors
100581,John McEnroe
100592,Robert Vant Hof
100417,Hans Gildemeister
100342,Vitas Gerulaitis
100998,Stuart Bale
100620,Eduardo Osta
100282,Guillermo Vilas
100445,Steve Denton
100986,Dacio Campos
100638,David Mustard
100715,Jim Gurfein
100944,Mikael Pernfors
100887,Eric Korita
100286,Harold Solomon
101063,Jordi Arrese
101014,John Ross
101409,Jaime Yzaga
100716,Norm Schellenger
100904,George Bezecny
108007,Phillip Tuckniss
101242,Brad Pearce
100967,Dan Goldie
100377,Colin Dowdeswell
100864,Martin Wostenholme
100616,Andy Kohlberg
100793,Stephane Bonneau
101074,Carlos Di Laura
100928,Barry Moir
100578,Brent Pirow
100826,Juan Antonio Rodriguez
100776,Tomm Warneke
100544,Tony Mmoh
101066,Richard Matuszewski
101263,Luke Jensen
100448,Bruce Foxworth
101309,Jay Berger
100871,Laurie Warder
101097,Rick Leach
100144,Bob Lutz
108356,Tarek El Sakka
110782,Djamel Boudjemline
107020,Fotis Vazeos
100619,George Kalovelonis
100641,Jan Van Langendonck
107468,Julian Stamatov
107480,Karel Demuynck
100824,Peter Bastiansen
100725,Michael Mortensen
100795,Alvaro Jordan
100221,Carlos Kirmayr
110880,Wei You
108577,Zhao Xie
107680,Mark Bailey
100587,Steve Guy
110847,Luis Arturo Gonzalez
100401,Sean Sorensen
106506,Alkis Papamichael
101264,Michael Tauson
106531,Andrei Dirzu
101216,Olli Rahnasto
108431,Tony Jonsson
101448,Tasos Bavelas
110882,Kelvin Ng
110979,Mahader Hassan
106576,Arafat Chekrouni
110930,Ferenc Zentai
101017,Gap Taik Ro
100698,Young Dae Jeon
106615,Bernard Balleret
107097,Gilles Ganancia
100876,Bong Soo Kim
107833,Mushaf Zia
100841,Jin Sun Yoo
101416,Joao Cunha Silva
107960,Pedro Cordeiro
101413,Felix Barrientos
110990,Rodrigo Rafael
107629,Manuel Tolentino
100955,Yahiya Doumbia
110922,Albert Viviani
101064,David Lewis
101485,Tanakorn Srichaphan
108055,Raymond Suarez
101406,Wojtek Kowalski
108487,Waldemar Rogowski
100368,Haroon Ismail
100792,Adrian Marcu
107527,Konstantin Pugayev
110833,Huang Jung Hsu
110141,Chang Rung Wu
100911,Dominik Guido Utzinger
101174,Fernando Roese
100954,Luiz Mattar
101179,Jean Philippe Fleurian
101354,Andrew Sznajder
100990,Milan Srejber
107085,Gerardo Vacarezza
101076,Cesar Kist
101318,Javier Frana
101649,Guillermo Perez Roldan
100825,Hugo Chapacu
101391,Carl Uwe Steeb
101085,Corrado Aprili
100941,Alex Stepanek
100978,Andrew Castle
101018,Edoardo Mazza
100770,Peter Moraing
100602,Vallis Wilder
101155,James Turner
101132,Fredrik Rosenquist
101324,Ulf Stenlund
101301,Jan Willem Lodder
100595,Ronnie Bathman
100852,Howard Herr
101372,Joey Blake
100690,Marco Armellini
101367,Igor Saric
100964,Jon Levine
100899,Jorgen Windahl
100799,Carlos Castellan
101058,Francisco Yunis
101243,Roberto Azar
101096,Gary Muller
101234,Patrik Kuhnen
101022,Kelly Jones
100882,David Livingston
101412,Shuzo Matsuoka
100972,Todd Witsken
100810,Paul Chamberlin
100691,Ivo Werner
100556,Brian Levine
101358,Olivier Delaitre
101186,Desmond Tyson
100863,Gustavo Luza
100427,Ferrante Rocchi
100669,Charles Bud Cox
101191,Richey Reneberg
101736,Andre Agassi
101040,Peter Lindgren
101598,Eduardo Velez
101050,Martin Laurendeau
101033,John Letts
101439,Javier Sanchez
101507,Tomas Carbonell
101178,Pieter Aldrich
100738,Schalk Van Der Merwe
101402,Stephen Furlong
108378,Thierry Van Den Daele
101251,Eric Winogradsky
100820,Thierry Pham
100966,Nick Fulwood
101247,Stephen Botfield
108056,Reda Galou
107827,Moncef Zehar
107918,Panomkorn Pladchunil
108532,Worapol Thongkamcho
106458,Alain Brichant
107778,Michael Nugent
101236,Krassimir Lazarov
110859,Milen Yanakiev
108189,Ruslon Rainov
110881,Shu Hua Liu
107485,Ke Qin Ma
106929,Eiji Takeuchi
107205,Hisham Nasser
107560,Leeh Bienkowski
110967,Ioannis Rigas
110963,Ioannis Kabakoglou
101349,Adam Malik
106782,Colin Grant
108823,Tintus Arianto Wibowo
107837,Na Sulistyono
110982,Sombat Uamongkol
101334,Alexander Volkov
100853,Dong Wook Song
101365,Paul Wekesa
107824,Mohamed Dlimi
107181,Haseeb Aslam
107897,Orlando Lourenco
100991,Johnny Goudenbour
107845,Necvet Demir
101121,Alaaddin Karagoz
100648,Sadiq Abdullahi
106580,Arjun Fernando
100890,Rashid Malik
108844,Hamed Ul Haq
109456,Chung Hsing Liu
107232,Inaki Calvo
108469,Victor Caldarelli
101500,Christian Saceanu
101004,Jim Pugh
101382,Marcelo Filippini
101250,Jose Daher
101237,Danilo Marcelino
101601,Brett Steven
107928,Pat Serret
101166,Gustavo Garetto
101606,Alberto Mancini
101329,Christer Allgardh
101481,Omar Camporese
100939,Joey Rive
101477,Chris Bailey
101003,Ricardo Acioly
100982,Charlton Eagle
100930,Paul Vojtischek
101161,Thomas Haldin
101071,Tom Nijssen
101053,Michael Kures
100900,Josef Cihak
100932,Denys Maasdorp
101284,Lars Anders Wahlgren
101717,Diego Nargiso
101971,Johan Anderson
101730,Piet Norval
101726,Boaz Merenstein
100995,Eduardo Masso
101320,Magnus Gustafsson
101727,Jason Stoltenberg
101144,Anthony Lane
101232,Nicklas Kroon
108243,Sergio Ribeiro
100807,Marcelo Hennemann
101589,Arnaud Boetsch
101420,Vaclav Roubicek
101059,Richard Vogel
101143,Branislav Stankovic
101337,Martin Strelba
101434,Petr Korda
101710,Martin Blackman
100546,Eric Fromm
101034,Bobby Banck
101609,David Wheaton
101543,Jeff Tarango
101550,Al Parker
101281,Shelby Cannon
101126,Chris Pridham
100985,Tim Pawsat
101314,Woody Hunt
102021,Michael Chang
100924,Jorge Lozano
100921,Patrice Kuchna
101088,Larry Scott
101150,Gianluca Pozzi
100997,Roger Smith
100850,Wayne Hearn
108373,Thierno Ly
101149,Morten Christensen
106695,Carlos Claverie
100947,Doug Burke
101156,Juan Pino
107473,Justedjo Tarik
101630,Clement Ngoran
110786,Antoine Beugre
101421,Veli Paloheimo
107511,Khaled Baligh
101339,Agustin Moreno
100524,Shozo Shiraishi
101731,Nuno Marques
107117,Gordon Asciak
101647,Byron Black
110897,Greig Rodger
106442,Abdul Khalek Nadini
110867,Anders Haseth
111008,John Erik Rustad
106535,Andres Battad
101051,Oleksandr Dolgopolov
109480,Yavuz Erkangil
101133,Patrick Baur
101615,Otavio Della
101067,Philip Johnson
101948,Pete Sampras
101265,Patrick McEnroe
101680,Zeeshan Ali
101114,Charles Beckman
101392,Dan Goldberg
101761,Jaime Oncins
101462,Francisco Roig
101793,Jim Courier
101205,Grant Connell
101961,Martin Stringari
101532,Francisco Clavet
101475,Carlos Costa
101451,Gustavo Giussani
101217,Andreas Lesch
101735,Richard Fromberg
101578,Markus Rackl
101019,David Felgate
101398,Neil Borwick
100694,Eric Riley
107058,Gary Drake
101407,David Engel
101476,Rolf Hertzog
100903,Mike Lee
101254,Peter Svensson
101900,Nicklas Kulti
101767,Lars Jonsson
100908,Tobias Svantesson
101005,Gerald Marzenell
101934,Paul Dogger
101278,Scott Melville
100736,Hugo Nunez
101632,Per Henricsson
101430,Sergio Cortes
107228,Igor Flego
100785,Jesus Colas
101721,Markus Zillner
101388,Gerardo Mirad
100949,Mauro Menezes
101068,Byron Talbot
101123,Alexander Mronz
101238,Andres Vysand
101249,Andrei Olhovskiy
101580,Roger Rasheed
101504,Laurent Prades
101964,Goran Ivanisevic
101499,Eduardo Furusho
101279,Philippe Pech
101055,Heiner Moraing
101809,Nicolas Pereira
100931,Andrew Burrow
101008,Peter Palandjian
101723,Magnus Larsson
101364,Bret Garnett
100989,Ned Caswell
101252,Brian Page
101452,Greg Failla
101204,Eric Amend
101613,Malivai Washington
101788,Doug Flach
102001,German Lopez
101461,Brett Custer
102235,Tommy Ho
101932,Jared Palmer
101889,Todd Woodbridge
101772,Andrei Cherkasov
110818,Shovon Jamaly
101552,Xavier Daufresne
101664,Andras Lanyi
101642,Bart Wuyts
101165,Mario Tabares
110840,Tomas Rodriguez Sanchez
100769,Mario Martinez
109940,Ernesto Lingen
108332,Suharyadi Suharyadi
100984,Peter Wright
110914,Robert Dolan
107182,Hassan El Arousy
106941,Eno Polo
101884,Frank Ofori
101651,Owen Casey
101506,Eoin Collins
110878,Noel Rutherford
110975,Andy Brothers
101369,Bent Ove Pedersen
101322,Shigeru Ota
101770,Lech Sidor
100919,Khalid Outaleb
107213,Houcine Saber
110852,Umesha Wallooppillai
101268,Audun Jensen
107804,Mihai Vanta
110828,Wai Yaw Liu
111110,Hashim Bin Sidek
110855,Dawood Dawoodian
101745,Roberto Jabali
101483,Ricardo Camargo
100892,Alexandre Hocevar
100896,Miguel Nido
101308,Neil Broad
101215,Scott Warner
101440,Mark Koevermans
101312,Robbie Weiss
101235,Paul Haarhuis
101703,Guillaume Raoux
106887,Dominic Durand
101924,Stefano Pescosolido
101370,Paolo Pambianco
101315,Enrico Cocchi
101820,Marc Rosset
101663,Eugenio Rossi
101574,Alejandro Aramburu
101529,Michael Stich
102019,Dirk Dier
101746,Renzo Furlan
101016,Marcos Aurelio Gorriz
101321,Juan Carlos Baguena
101725,Gabriel Markus
100768,Nick Brown
101843,Sergi Bruguera
101469,Brian Garrow
101459,Tomas Nydahl
101561,Nicklas Utgren
101024,Christian Geyer
101330,Tim Donovan
100974,Jeff Klaparda
101546,Mike Brown
101593,Chris Garner
101861,Thomas Buchmayer
107172,Harald Mair
101534,Libor Nemecek
101427,Ruben Gajardo
101393,Jens Woehrmann
102148,Fabrice Santoro
101914,Lars Koslowski
101441,Martin Sinner
101225,Jens Peter
101189,Stefan Lochbihler
100965,Peter Ballauff
101293,Ted Scherman
101460,Jose Francisco Altur
101255,Greg Van Emburgh
101482,Markus Zoecke
101027,Jaroslav Bulant
101436,George Cosac
101262,Rikard Bergh
101866,David Rikl
101327,Cyril Suk
101789,Steve Bryan
101282,Martin Barba
101009,John Sobel
101422,Mark Kaplan
101373,Karsten Braasch
101224,Kenny Thorne
107861,Nicolas Romero
101172,Royce Deppe
101021,Dean Botha
101668,Peter Nyborg
101750,Cristiano Caratti
101581,Jose Luis Aparisi
101783,Mark Petchey
101510,Henrik Holm
101214,Bryan Shelton
100835,Hans Dieter Beutel
101371,Malcolm Allen
101956,Mark Knowles
101105,Jose Antonio Fernandez
100898,Robinson Ureta
110819,Ali Kadhim
110821,Kadhim Kadhim
110823,Usman Rahim
110822,Faisal Rahman
110827,Sunny Liu
110820,Mahtabur Rahman
101287,Denis Langaskens
110813,Rafael Moreno
110834,Oscar Blacutt
110841,Hervoje Eterovic
108754,Esam Abdulaal
110856,Abdul Rahman Shehab
107481,Karl Hale
101605,Jiu Hua Zhang
101103,Miguel Dungo
107310,Jean Nabi
110888,Jean Jacques Kouassi
108815,Kojo Atiso
110900,Jean Yves Job
110901,Samson Ahinakwa
110903,Zacharie Moungnol
110794,Jerome Seguin
101775,Frederik Fetterlein
107516,Kimmo Hurme
108814,Konstantinos Effraimoglou
101545,Tomasz Iwanski
100454,Mehl Ampon
102031,Sandor Noszaly
111020,Khaled Ashkanani
111002,Hani Al Ali
111022,Khaled Al Foudari
101596,Mohamed Ridaoui
108867,Serge Brueck
102104,Christian Ruud
101662,Selvam Veerasingam
102018,Tamer El Sawy
108810,Khaled El Salawy
101701,Bing Pan
102000,Aki Rahunen
101101,Richard Ashby
108733,Jose Medrano
101991,Mauricio Hadad
110911,Kenneth Thome Bolanos
108615,Genaro Deleon
111026,Ka Vhei Kam
110974,Mulari Dharan
101764,Yu Hui Lien
106620,Bertrand Lacombe
101862,Maurice Ruah
102223,Karim Alami
101577,Jia Ping Xia
107382,John Farrington
110808,Bernard Frost
107101,Giorgio Carneade
108756,Goudjo Gbedey
110962,Midodji Segbeaya
110905,Fred Kangwa
111040,Garth Thomson
101748,Ivan Keskinov
101851,Alexis Hombrecher
100788,Joseph Russell
101611,Cedric Pioline
101733,Jan Siemerink
101591,Danny Sapsford
101957,Milen Velev
110866,Christopher Gatt
107767,Mert Ertunga
110960,Kenneth Dowuona
101352,Jae Sik Kim
101184,Damir Buljevic
101429,Stephane Grenier
101495,Miguel Tobon
106533,Andres Alarcon
108849,Rohan De Silva
110898,Clive Wilson
101965,Wayne Ferreira
107617,Magnus Nilsson
101774,Todd Martin
102154,Marcos Ondruska
101962,Younes El Aynaoui
102375,Dinu Pescariu
101792,Slava Dosedel
102026,Jan Kodes Jr
102085,Sasa Hirszon
101311,Kent Kinnear
101955,Luis Herrera
101660,Francisco Montana
101901,Chuck Adams
101715,Jose Antonio Pepe Conde
101812,Raviv Weidenfeld
102147,Oliver Fernandez
101776,Sandon Stolle
107093,Gil Kovalski
101576,Ryuso Tsujino
101432,Dimitri Poliakov
101797,Jacco Eltingh
102302,Marcelo Saliola
101990,Richard Krajicek
101794,Darek Nowicki
101938,Bernardo Mota
100754,Rafael Avalos Brenes
102314,Rodrigo Navarro
110815,Vernon Lewis
110846,John Maginley
108583,Daniel Chavez Morales
107798,Miguel Merz
102055,Bertrand Madsen
110929,Salvador Colvee
101417,Mario Rincon
107534,Kush Bhardwaj
110876,Norbert Oduor
102192,Luis Adrian Morejon
102152,Pablo Campana
108323,Steven Kangwa
110890,Lionel Kemajou
101549,Rodolphe Gilbert
101897,Fernando Meligeni
101341,Pablo Albano
102233,Leander Paes
102226,David Witt
106811,Daniel Heryanto
108161,Roland So
106870,Dermot Sweeney
101167,Jaime Cortes
101513,John Stimpson
100943,Girts Dzelde
101590,Eui Jong Chang
101437,Seung Ho Ji
101728,Laszlo Markovits
101973,Viktor Nagy
102318,Andrei Pavel
101681,Chris Wilkinson
106527,Andreas Fikas
107263,Jacques Radoux
110817,Ifthekar Sardar
106987,Fadel Berthe
109002,Tung Yi Kho
102033,Abdelhak Hameurlaine
107764,Mehdi Benyebka
108751,Bader Mohammed Almuqail
101802,Ramayah Ramachandran
101360,Mark Keil
101835,Arne Thoms
102068,Omer Rashid
106936,Emile Ngoran
102331,Ilou Lonfo
102362,Amro Ghoneim
108831,Michael Walker
107586,Lui Pang
102446,Andrei Medvedev
101888,Daniel Vacek
101890,Jonathan Stark
101871,Alexander Reichel
101917,Grant Stafford
101317,John Sullivan
108548,Yakubu Suleiman
102119,Chih Jung Chen
102205,Sebastien Lareau
101823,Gerald Mandl
101490,Daniel Orsanic
101719,Frederic Fontang
102344,Karol Kucera
101711,Alex Obrien
101977,Patricio Arnold
102169,Michael Joyce
101362,Stephane Simian
101958,Pierre Bouteyre
210013,Martin Damm Sr
101912,Felipe Rivera
101516,Joao Zwetsch
101594,Carsten Arriens
101920,Jamie Morgan
101857,Jason Cask
102358,Thomas Enqvist
101659,Jan Apell
102110,Daniel Nestor
101674,Rudiger Haas
101765,Tomas Anzari
101685,Markus Naewie
101522,Chi Wan Kim
102100,Bartlomiej Dabrowski
101979,Ricardo Mena
110825,Hira Lal Rahman
108836,Jayendra Wijeyesekera
110831,Dishan Herath
102097,Naratorn Srichaphan
107826,Mohammed Khalid
101687,David Dilucia
102184,David Prinosil
102202,Kenneth Carlsen
101463,Bernd Karbacher
102238,Alberto Berasategui
101906,Yasufumi Yamamoto
102277,Bing Chao Lin
110814,Gavaskar Williams
111001,Emad Abou Hamdeh
111030,Laith Azzouni
108872,Yang Tat Lim
101716,Javier Molina
101849,Nicola Bruno
101227,Daniel Marco
102061,Kevin Ullyett
102146,Jordi Burillo
102374,Alex Corretja
102025,Mikael Tillstrom
106741,Christian Camradt
108390,Thomas Prerovsky
102139,Eyal Ran
101946,Milko Petkov
101122,Alberto Paris
110899,Rashid Hassan
101582,Gilbert Schaller
101945,Thierry Guardiola
102201,Lionel Roux
101864,Fernon Wibier
101524,Stephan Rhode
102053,Brian Macphie
101348,Dave Randall
101937,Robbie Koenig
108811,Christophe Boggetti
102286,Wayne Black
101969,Orlin Stanoytchev
102257,Greg Rusedski
101806,Marc Kevin Goellner
102167,Juan Albert Viloca Puig
101108,Richard Schmidt
101805,David Nainkin
101484,Vladimir Gabrichidze
101691,Florian Krumrey
101383,Stephane Sansoni
101356,Buff Farrow
101375,Brian Devening
102368,Brian Dunn
102378,Juan Gisbert Jr
101639,Lan Bale
102304,Grant Doyle
102047,Pier Gauthier
101270,Thomas Gollwitzer
101780,Alejo Mancisidor
102338,Yevgeny Kafelnikov
101926,Andrei Merinov
102088,Joern Renzenbrink
101833,Michael Tebbutt
101844,Heath Denman
101563,Joseph Lizardo
109440,Jin Yen Chiang
108182,Ruben Alvarenga
102078,Jorge Gonzalez
110352,Mostafa Saleh
108595,Mohammed Reza Tavakoli
109232,Terence Chia
102826,Muhammad Khaliq Siddiq
108043,Ralph Kok
101584,Keith Evans
102035,Jonas Bjorkman
102434,Vincent Spadea
102843,Suwandi Suwandi
111047,Lasith Dissanayake
102010,Clinton Marsh
102029,Filip Dewulf
102650,Roberto Carretero
102348,Hideki Kaneko
102263,Yong Il Yoon
101722,Han Cheol Shin
101468,Gerard Solves
101755,Derek Farren
103029,Mehdi Tahiri
101620,Phillipe Ventura
103009,Razvan Sabau
108875,Abou Berthe
102247,Andrea Gaudenzi
102028,Massimo Valeri
101902,Stephane Huet
101531,Mario Visconti
101751,Ross Matheson
102133,Laurence Tieleman
102215,Joshua Eagle
102198,Paul Kilderry
102521,Hendrik Dreekmann
101868,Dick Norman
102030,Andrew Foster
102158,Patrick Rafter
102457,Miles Maclagan
102556,Claude Ngoran
108816,Isaac Donkor
110944,Bassel Rahmy
102444,Scott Barron
102367,Nicolas Kischkewitz
102135,Emilio Benfele Alvarez
101829,Federico Sanchez
102562,Jiri Novak
102881,David Skoch
102153,German Puentes
102227,Sargis Sargsian
102162,Chris Woodruff
101473,Jozsef Krocsko
108828,Emmanuel Udozorh
102372,Sule Ladipo
102563,Thomas Johansson
101515,Donald Johnson
102903,Eyal Erlich
102090,Ofer Sela
101353,Lionel Barthez
102610,Albert Costa
102394,Johan Van Herck
101892,Axel Finnberg
102536,James Greenhalgh
102243,Marcelo Charpentier
102006,Brent Larkham
101567,Hendrik Jan Davids
101641,Jose Luis Noriega
107689,Mark Gurr
111067,Anthony Mills
108596,Ramin Raziyani
108842,Zulfiqar Ahmed
102655,Jimy Szymanski
102839,Nicolas Lapentti
101597,Louis Gloria
101612,Roland Burtscher
102588,Lars Rehmann
101869,Juan Luis Tati Rascon
102351,Oscar Martinez
103060,Alejandro Hernandez
102537,Melvin Tong
108832,Thorsten Poelzl
102465,Gabriel Silberstein
102250,Emanuel Couto
101840,Jacobo Chavez
102887,Ramon Delgado
108870,Chee Yen Chen
108871,Kim Huat Khoo
102259,Jerome Golmard
101704,Ellis Ferreira
102701,Marcelo Rios
102450,Tim Henman
101636,Wade Mcguire
102234,Oliver Gross
102706,Wei Yu Su
102395,Ville Liukko
102538,Tuomas Ketola
102685,Sebastien Graeff
102069,Andrei Rybalko
108355,Taras Beiko
108755,Maciej Kost
101970,Iztok Bozic
102013,Blaz Trupej
102219,Juan Garat
101696,Federico Mordegan
101720,Agustin Garizzio
102118,Radomir Vasek
102851,Giorgio Galimberti
102854,Sjeng Schalken
101682,David Adams
102753,Wolfgang Schranz
101554,Mark Markov
103187,Hisham Hemeda
102469,Solon Peppas
101940,Rene Busch
102742,Armand Strombach
102271,Hicham Arazi
101822,Luis Lobo
101811,Bill Barber
101929,Joost Winnink
102687,Herbert Wiltschnig
101876,Massimo Ardinghi
101816,Steve Campbell
101968,Ola Kristiansson
102419,Christophe Van Garsse
101826,Alex Lopez Moron
102882,Mark Philippoussis
102060,Ignacio Martinez
102024,Hernan Gumy
101858,Gilles Bastie
101865,Albert Chang
102491,Alex Radulescu
102968,Jonathan Erlich
102437,Adrian Voinea
102477,Gaston Etlis
102644,Franco Squillari
102654,Steven Downs
101492,Sander Groen
102466,Jan Kroslak
102694,Lars Burgsmuller
102405,Mahesh Bhupathi
102703,Hyung Taik Lee
101781,Robert Angelo
101171,Armando Perez
108582,Luis Perez Chete
102246,Fernando Samayoa
102087,Oleg Ogorodov
102347,Dmitri Tomashevich
101280,Mikael Stadling
102539,Bohdan Ulihrach
101672,Michael Geserer
103017,Nicolas Kiefer
101479,Tj Middleton
102456,Felix Mantilla
101444,Bonit Wiryawan
103170,Wei Ju Chen
102863,Takao Suzuki
102595,Helge Koll
101585,Fabio Silberberg
102138,Alexander Tabares
108847,Jahanbakhsh Souri
101980,Howard Joffe
102524,Neville Godwin
102401,Scott Draper
102300,Gouichi Motomura
102336,Kotaro Miyachi
101626,Stephen Noteboom
102519,Marcio Carlsson
102339,Kris Goossens
102287,Albert Portas
103166,Vladimir Voltchkov
102598,Nouhoun Sangare
108602,Alti Vahkal
102549,Rolandas Murashka
101203,Adrian Graimprey
108427,Tomasz Lichon
102132,Ivan Baron
102212,Corrado Borroni
102484,Massimo Calvelli
101732,Pietro Pennisi
102776,Andrew Ilie
102845,Carlos Moya
102796,Magnus Norman
102077,Alexander Shvec
103018,Max Mirnyi
102272,Branislav Galik
102617,Kim Tiilikainen
102656,Tommi Lenho
106882,Dimitri Muzyka
102836,Rogier Wassen
102113,Daniele Musa
102397,Jose Imaz Ruiz
103151,Mariano Zabaleta
103181,Jiri Vanek
102925,Justin Gimelstob
102669,Noam Behr
102543,Chia Yen Tsai
108585,Americo Venero Montes
102765,Nicolas Escude
102716,Maxime Huard
102869,Galo Blanco
101821,Peter Tramacchi
102743,Ben Ellwood
101608,Tom Kempers
102131,Alistair Hunt
103102,John Hui
101976,Federico Dondo
101819,Frederic Vitoux
102522,Fabio Maggi
101954,Oscar Bustos
101400,Sofronio Palahang
102581,Goran Oresic
102856,Gustavo Kuerten
108753,Othman Al Anazi
101885,Wayne Arthurs
102614,Victor Sendin
102252,Ignacio Truyol
102950,Fernando Vicente
101766,Bill Behrens
101600,Daniel Courcol
103252,Alberto Martin
103420,Michal Tabara
102140,Bruno Fragoso
108796,Rafael Jordan
102083,Nick Gould
108826,Isaac Tetteh Quaye
106536,Andres Filimonov
108605,Sacha Thoma
102327,Adam Skrzypczak
101904,Chris Haggard
102831,Jacobo Diaz
102433,Mose Navarra
102835,Luke Milligan
101814,Colin Beecher
102220,Patrik Fredriksson
102584,Alexandre Strambini
101677,Zoran Sevcenko
102436,Borut Urh
108277,Srdan Muskatirovic
102800,Nenad Zimonjic
102811,Dusan Vemic
101688,Geoff Grant
102214,Oscar Ortiz
103182,Markus Hipfl
101800,Daniele Balducci
102284,Filippo Messori
102615,Dennis Van Scheppingen
102179,Antony Dupuis
102269,Jeff Salzenstein
103163,Tommy Haas
102905,Stefan Koubek
103344,Ivan Ljubicic
102571,Gregory Carraz
102897,Nir Welgreen
102363,Filippo Veglio
102463,Lucas Arnold Ker
103118,Ion Moldovan
102585,Sebastian Prieto
102413,Andy Zingman
102832,Andrian Raturandang
102107,Jan Frode Andersen
102632,Michal Gawlowski
102722,Attila Savolt
101997,Marzio Martelli
103103,Dominik Hrbaty
102998,Jan Michael Gambill
102821,Cecil Mamiit
102533,Jens Knippschild
102320,Lazaro Navarro Batles
101825,Manuel Tejada
103096,Arnaud Clement
108838,Vittaya Samrej
102448,Ali Hamadeh
101638,Sean Karam
108843,Toufiq Zhalan
102076,Mark Merklein
103031,Julian Alonso
102472,Marcello Craca
102548,Juan Antonio Marin
102359,Andrew Richardson
102301,Sebastien Leblanc
103066,Mark Nielsen
101386,Glenn Wilson
108812,Jose Baires
108593,Wing Luen Wong
108588,Asim Shafik
108846,Syed Nasir Sherazi
102756,Eduardo Rincon
102812,Jicham Zaatini
102050,Marco Meneschincheri
102783,Rainer Schuettler
102145,Francisco Cabello
101675,Martin Rodriguez
103568,Valentin Sanon
102335,Taso Vasiliadis
103077,Konstantinos Economidis
102403,Bojan Vujic
108808,Eugenius Cariovas
103323,Thomas Heyerdahl
103515,Filip Aniola
103287,Krystian Pfeiffer
102002,Davide Scala
103216,Clemens Trimmel
102910,Salvador Navarro
102506,Quino Munoz
103114,Martin Lee
102770,John Van Lottum
102464,Todd Larkham
103239,Marcus Sarstrand
106843,David Katcharava
108818,Givi Samkharadze
102993,Michal Chmela
101931,Marcus Hilpert
102875,Luke Smith
102785,Glenn Weiner
102483,David Caballero
102106,Davide Sanguinetti
103084,Guillermo Canas
102103,Michael Sell
102911,Andrei Stoliarov
101947,Vincenzo Santopadre
103229,Kornel Bardoczky
102190,Philippe Moggio
102987,Andre Sa
102730,Ivo Heuberger
102494,Tomas Behrend
103264,Mariano Puerta
103720,Lleyton Hewitt
102652,Christian Vinck
103206,Sebastien Grosjean
102567,George Bastl
103003,Jean Francois Bachelot
104117,Giovanni Lapentti
102957,Vadim Kutsenko
103318,Zeljko Krajan
103498,Marat Safin
102231,Alex Calatrava
102180,Charles Auffray
103324,Arnaud Di Pasquale
103145,Amir Hadad
103167,Jocelyn Robichaud
103499,Aqeel Khan
103632,Luis Horna
103525,Ivan Miranda
103387,Paradorn Srichaphan
103065,Kepler Orellana
103739,Jose De Armas
102862,Allen Belobrajdic
102629,Oscar Burrieza
102667,Satoshi Iwabuchi
108845,Farhad Tadayon
106991,Farshad Talavar
103019,Evgeni Mikheev
102279,Gehad El Deeb
103148,Norbert Mazany
103197,John Doran
102959,Marko Tkalec
108822,Andrej Krasevec
103179,Jurek Stasiak
103598,Xavier Malisse
103202,Oscar Serrano
101982,Jordi Mas
102369,Julien Boutter
103193,Peter Wessels
103110,Daniele Bracciali
101860,Mark Draper
103454,Nicolas Massu
102657,Yue Wei Wang
103504,Febi Widhiyanto
103227,Mariano Sanchez
103296,Ivaylo Traykov
103155,Ivo Bratanov
108800,Alexander Lehnhoff
102462,Bryan Juinio
108854,George Mcgill
102740,Francisco Rodriguez
102956,Sultan Khalfan
102285,Nasser Ghanim Al Khulaifi
104051,Andrej Kracman
103050,Shahab Hassani Nafez
102410,David Caldwell
102473,Thomas Schiessling
102944,Stefano Cobolli
102623,Thomas Larsen
103280,Martin Verkerk
102791,Bobby Kokavec
102251,Mariano Hood
103184,Bob Bryan
103248,Harel Levy
102834,Paul Goldstein
103758,Taylor Dent
102306,Michael Kohlmann
102939,Jean Baptiste Perlant
102772,Yu Zhang
102790,Yu Zheng
103529,Aisam Ul Haq Qureshi
102737,Gergely Kisgyorgy
103819,Roger Federer
102607,Juan Balcells
103171,Raemon Sluiter
102723,Eduardo Medica
103337,Ben Qiang Zhu
102966,Fredrik Jonsson
102086,Igor Kornienko
103602,Fernando Gonzalez
103225,Simon Larose
103286,Yohny Romero
108621,Seyed Akbar Taheri Rahaghi
108850,Renouk Wijemanne
108852,Asiri Iddamalgoda
103821,Danai Udomchoke
102422,Michael Hill
102817,Edwin Kempes
103507,Juan Carlos Ferrero
102467,Fazaluddin Syed
103735,Lovro Zovko
103485,Ivan Beros
103612,Alexey Kedryuk
108592,Pavel Baranov
103659,Wei Jen Cheng
102938,Alejandro Olivera
108651,Sandor Martinez Breijo
108801,Jorge Catala
108674,Jerry Joseph
102036,Marco Osorio
102830,Paulo Carvallo
103714,Andreas Vinciguerra
103990,Tommy Robredo
103285,Radek Stepanek
103250,Rodolphe Cadart
102574,Gabriel Trifu
102720,Tomas Zib
102117,Eduardo Nicolas
103082,Markus Hantschk
103936,Todor Enev
108794,Arthur Konan
103709,Kristian Pless
108855,Robert Collins
103007,Mounir El Aarej
103224,Zeljko Tosic
108877,Helge Rosjo
103294,Christophe Rochus
103292,Gaston Gaudio
102860,Agustin Calleri
102689,Martin Spottl
103157,Arvind Parmar
102965,Jamie Delgado
102455,Lorenzo Manta
103484,James Blake
102780,Frederic Niemeyer
103638,Jhonson Garcia
108791,Oskars Vaskis
108862,Kristian Mitrovski
108758,Kossi Loglo
101939,Erhan Oral
102918,Efe Ustundag
103451,Bjorn Phau
102558,Eric Taino
102809,Axel Pretzsch
102872,James Sekulov
102497,Mashiska Washington
102787,Si Bruce Li
103174,Noam Okun
103457,Petr Kralert
103444,Jean Rene Lisnard
102023,Petr Luxa
102880,Alexander Popp
103781,Jurgen Melzer
102642,Cyril Saulnier
102768,Federico Browne
103566,Michael Llodra
103888,Mardy Fish
103162,Dejan Petrovic
103201,Adrian Garcia
103373,Sergio Roitman
103786,Nikolay Davydenko
103908,Paul Henri Mathieu
103356,Michel Kratochvil
103487,Federico Luzzi
103305,Daniel Elsner
103176,David Sanchez
103694,Olivier Rochus
102738,Stefano Tarallo
102143,Nicolas Thomann
102904,Leos Friedl
102808,Kalle Flygt
103240,Kevin Kim
103428,Juan Ignacio Chela
102934,Nicolas Coutelot
103045,Reginald Willems
104053,Andy Roddick
103270,Kristian Capalik
103909,Guillermo Coria
102443,Barry Cowan
103158,Johan Ortegren
103751,Jonas Froberg
104022,Mikhail Youzhny
103185,Mike Bryan
102381,Werner Eschauer
103198,Justin Bower
104014,Lee Childs
103188,Michael Russell
104243,Oscar Posada
103439,Dimitri Mazur
103813,Jarkko Nieminen
102982,Yaoki Ishii
117348,Y Wang
102647,Alberto Brause
104395,Marcel Felder
103905,Ricardo Chile Fonte
102528,Carlos Drada
103590,Michael Quintero
103400,Hendri Susilo Pramono
108594,Johnny Arcilla
103875,Anoosha Shahgholi
104339,Mario Ancic
104180,Gilles Muller
103402,Peter Clarke
102552,Baris Ergun
103974,Aivaras Balzekas
103472,Karim Maamoun
103690,Marcin Matkowski
103505,Vasilis Mazarakis
103333,Ivo Karlovic
101989,Patrik Langvardt
108601,Bob Borella
108604,Pascal Schaul
103807,Raimonds Sproga
101831,Mustafa Azkara
108606,Gert Vilms
108607,Andrei Luzgin
104063,Mait Kunnap
102734,Lior Mor
102239,Francisco Costa
102997,Hermes Gamonal
108624,Hazuan Hizan
104000,Andrey Dernovskiy
103824,Orest Tereshchuk
103581,Flavio Saretta
103397,Alexandre Simoni
103153,Gilles Elseneer
104076,Jose Acasuso
103178,Johan Settergren
103133,Olivier Mutis
103580,Alexander Peya
102788,Jan Vacek
103594,Oliver Marach
103204,Hugo Armando
104043,Marc Lopez
103900,David Nalbandian
104082,Hiroki Kondo
102921,Ota Fukarek
102715,Ignacio Hirigoyen
103898,Julien Benneteau
104098,Dmitry Tursunov
103297,Alex Kim
104068,Robby Ginepri
103656,Albert Montanes
104417,Robin Soderling
103254,Yves Allegro
104196,Carlos Cuadrado
103789,Irakli Labadze
103917,Nicolas Mahut
103852,Feliciano Lopez
103672,Ricardo Mello
102855,Jack Brasington
103105,Ruben Ramirez Hidalgo
103403,Takahiro Terachi
102713,Jing Zhu Yang
108610,Tsolak Gevorgyan
104215,Andrei Gorban
108612,Sergei Cuptov
103877,Mike Scheidweiler
103997,Lukasz Kubot
102544,Pablo Bianchi
103828,Jean Julien Rojer
103607,Victor Estrella
108617,Hussain Al Ashwak
108619,Jad Ayoub
101895,Michael Brown B395
108623,Rabi Bouhassoun
108622,Samir Saadeldin
104499,Jimmy Wang
104229,Yen Hsun Lu
102382,Julian Knowle
102668,Tapio Nurminen
103593,Marcelo Barboza
108628,Jhonnatan Medina Alvarez
108631,Wen Lung Chang
103273,Dong Hyun Kim
104268,Alejandro Falla
103600,Mohammad Ghareeb
108637,Nomi Qamar
102868,Jonathan Printzlau
103053,Nikos Rovas
101855,Emmanuel Heussner
103583,Evghenii Plugariov
104386,Janko Tipsarevic
103544,Andy Ram
103835,Filippo Volandri
103421,Peter Handoyo
103319,Jeff Morrison
103408,Brian Vahaly
102902,Thomas Blake
103165,Gorka Fraile
103970,David Ferrer
102565,Alexander Waske
102999,Stefano Galvani
104755,Richard Gasquet
104433,Frank Dancevic
104166,Alex Bogomolov Jr
103837,Didac Perez
104026,Joachim Johansson
103912,Mario Radic
103812,Victor Hanescu
104269,Fernando Verdasco
102967,Marc Gicquel
103395,Julio Silva
103063,Sebastien De Chaunac
103971,Karol Beck
104745,Rafael Nadal
103242,Juan Giner
103413,Genius Chidzikwe
102725,Kasper Warming
108640,Mik Ledvonova
103899,Stian Boretti
103864,Mohamed Mamoun
102942,Vladimir Pavicevic
107098,Gilles Kremer
104175,Matija Zgaga
104138,Henry Adjei Darko
103468,Harsh Mankad
103817,Yu Jr Wang
104348,Dias Doskarayev
108647,Anton Tsymbalov
108648,Michael Mora
103427,Yew Ming Si
103746,Miguel Gallardo Valles
103998,Mario Monroy
103205,Emilio Daniel Baez Britez
104027,Pablo Gonzalez
104421,Martin Vilarrubi
108656,Simon Shen
103829,Cristian Paiz
108658,Yanquiel Medina Sobrino
108597,Adelo Abadia
104299,Hiu Tung Yu
102928,Hee Seok Chung
108644,Patrick Chucri
198661,Luis Felipe Noriega
103220,Oh Hee Kwon
103033,Helder Lopes
104260,Johny De Leon
104008,Carlos Avellan
108664,Martin Stiegwardt
102969,Sergei Yaroshenko
104557,Andis Juska
103142,Mohamed Wafa
103573,Rik De Voest
103325,Wesley Moodie
103645,Balazs Veress
102802,Gunther Darkey
108667,Kwasi Ahenkora
117349,F Egyir
103693,Thierry Ascione
104259,Philipp Kohlschreiber
104379,Todd Reid
104372,Alex Bogdanovic
103429,Peter Luczak
104589,Chris Guccione
103530,Zack Fleishman
103104,Bjorn Rehnquist
104527,Stan Wawrinka
103169,Oscar Hernandez
104495,Florin Mergea
102886,Frantisek Cermak
103948,Maximilian Abel
103626,Tomas Tenconi
104597,Nicolas Almagro
103478,Diego Veronelli
103470,Robert Kendrick
103230,Tasuku Iwami
104019,Kristof Vliegen
104332,Philipp Petzschner
103799,Eric Prodon
103047,Julien Varlet
104330,Rajeev Ram
104250,Prakash Amritraj
104025,Amer Delic
104214,Igor Andreev
104182,Sasa Tuksar
103228,Marcos Daniel
103737,Edgardo Massa
103385,Paul Baccanello
104607,Tomas Berdych
102512,Joseph Sirianni
103154,Jaymon Crabb
108672,William Lock
103523,Rohan Bopanna
103483,James Shortall
102873,Rob Cheyne
103460,Konstantin Don Gruber
104496,Luis Manuel Flores
103020,Guillermo Carter
104658,Gustavo Ramirez
108678,Eddy Gonzalez Gonzalez
103803,Ashkan Shokoofi
101810,Asif Ismail
108680,Sergey Makashin
103830,Shao Xuan Zeng
104046,Bostjan Osabnik
103226,Walid Jallali
104233,Frederik Nielsen
103986,Radoslav Lukaev
104592,Ilija Bozoljac
108600,Sean Cooper
108889,Marc Vilanova
103407,Matt Klinger
103455,Michal Mertinak
108657,Alexander Skrypko
102267,Gwinyai Tongoona
104136,Santiago Gonzalez
108679,Jose Bernard
104251,Ti Chen
104081,Boris Pashanski
108675,Iphton Louis
103586,Mariusz Fyrstenberg
103923,Radoslaw Nijaki
104580,Haithem Abid
104842,Salifu Mohammed
103125,Joan Jimenez Guerra
108894,Pau Gerbaud Farras
103514,Young Jun Kim
108903,Laurent Hild
108646,Joseph Victorino
103699,Fred Hemmes
104230,Daniel Koellerer
103535,Olivier Patience
103730,Jonathan Marray
103339,Wesley Whitehouse
103913,Ian Flanagan
103808,Potito Starace
104252,Florian Mayer
104548,Brian Baker
104338,Juan Monaco
103490,Santiago Ventura
104312,Andreas Seppi
103393,Yuri Schukin
103506,Martin Vassallo Arguello
104371,Ivo Minar
104676,Andreas Beck
103843,Marco Chiudinelli
103592,Jerome Haehnel
104198,Guillermo Garcia Lopez
103722,Florent Serra
104792,Gael Monfils
104542,Jo-Wilfried Tsonga
103700,Juan Pablo Guzman
104195,Simone Vagnozzi
103401,Jan Hernych
103761,Tomas Cakl
103534,Nicolas Devilder
103527,Julien Jeanpierre
103560,Kj Hippensteel
104453,Michael Ryderstedt
103857,Igor Kunitsyn
104383,Diogo Rocha
103663,Matias Boeker
103754,Mark Hilton
104571,Marcos Baghdatis
103565,Stephane Robert
104294,Hao Lu
104925,Novak Djokovic
104273,Edouard Roger Vasselin
103369,Melle Van Gemerden
105259,Andrei Karatchenia
104011,Lefteris Alexiou
104154,Paul Capdeville
104698,Diego Cubas
104738,Caio Zampieri
104342,Matias Silva
104474,Leonardo Kirche
103921,Sonchat Ratiwatana
103920,Sanchai Ratiwatana
104454,Murad Inoyatov
104036,Simon Rea
104479,Sarvar Ikramov
108344,Tai Wei Liu
103865,Prima Simpatiaji
103035,Alessio Di Mauro
103666,Ilia Kushev
104378,Yordan Kanev
104311,Leonardo Tavares
104291,Malek Jaziri
104523,Frederico Gil
104585,Gyorgy Balazs
103770,Kevin Sorensen
104086,Mikhail Filima
104467,Lamine Ouahab
103963,Filip Urban
103419,Gabriel Montilla
108916,Ricardo Gonzalez Diaz
104210,Ryan Russell
103727,Daniel Langre
104655,Pablo Cuevas
104826,Federico Sansonetti
108919,Michael Ray Pallares Gonzalez
103682,Kyu Tae Im
104478,Hyun Woo Nam
108922,Will Farah Lebar
104501,Xin Yuan Yu
108645,Musaad Al Jazzaf
104753,Woong Sun Jun
108924,Jing Yi Li
103937,Irakli Ushangishvili
104609,Omar Hedayet
104162,Deniss Pavlovs
106886,Dmitro Tolok
108915,Luis Haddock
102496,Scott Willinsky
104863,Olivier Sajous
108928,Saeid Ahmadvand
104591,Patrick Tierro
104181,Victor Ionita
103823,Denis Gremelmayr
104918,Andy Murray
103503,Robin Vik
104468,Gilles Simon
103849,Francesco Aldi
103582,Michael Berrer
104056,Roko Karanusic
104812,Scoville Jenkins
104209,Rainer Eitzinger
104660,Sergiy Stakhovsky
103516,Nathan Healey
104035,Bobby Reynolds
103032,Francisco Fogues
104559,Teymuraz Gabashvili
104160,Lukas Dlouhy
103716,Uros Vico
104360,Adam Chadaj
104167,Todd Widom
104261,Peng Sun
103559,David Sherwood
103967,Michael Lammer
103868,Ivan Navarro
104224,Travis Rettenmaier
103175,Toshihide Matsui
103510,Rob Steckley
103826,Carlos Palencia
103316,Victor Romero
105273,Mauricio Echazu
104534,Dudi Sela
104797,Denis Istomin
104736,Farrukh Dustov
104424,Go Soeda
104569,Lado Chikhladze
104247,Sebo Kiss
102696,Guillaume Couillard
104875,Denes Lukacs
104869,Sergei Bubka
102630,Slimane Saoudi
104813,Grega Zemlja
104305,Luka Gregorc
104582,Rok Jarc
104349,Rui Machado
104112,Benjamin Balleret
104308,Michal Przysiezny
103891,Alexandros Jakupovic
103946,Bruno Soares
104618,Devin Mullings
104976,Ryan Sweeting
108942,Henry Estrella
108941,Damar Johnson
110685,G D Jones
104895,Abdullah Maqdas
104702,Michael Leong
108945,Juan Sebastian Langton
104928,Sun Yong Kim Jr
104561,Jae Sung An
104907,Jose Rubin Statham
108618,Karim Alayli
103794,Benjamin Becker
104783,Mikhail Ledovskikh
104999,Mischa Zverev
105227,Marin Cilic
103752,Simon Greul
105023,Sam Querrey
103999,Thiago Alves
105095,Evgeny Korolev
105217,Thiemo De Bakker
104926,Fabio Fognini
104890,Andreas Haider Maurer
105223,Juan Martin del Potro
103701,Diego Hartfield
103675,Diego Junqueira
104225,Jan Hajek
104851,Gianluca Naso
104678,Viktor Troicki
103424,Tobias Clemens
103538,James Auckland
104122,Carlos Berlocq
103747,Dominik Meffert
103521,Andrea Stoppini
103894,Phillip King
104760,Scott Oudsema
104001,Brian Wilson
104173,Sam Warburg
104593,Daniel Gimeno Traver
104505,Konstantin Kravchuk
103702,Stefano Ianni
104871,Jeremy Chardy
102985,Gustavo Marcaccio
103657,Ivo Klec
103726,Jean Christophe Faurel
104477,Jorge Aguilar
104010,Dieter Kindlmann
104515,Mathieu Montcourt
104007,Andre Ghem
104171,Richard Bloomfield
105208,Ernests Gulbis
104003,Victor Crivoi
105041,Lukas Lacko
104898,Robin Haase
104179,Bruno Echagaray
108950,Juan Andres Gomez
105229,Philip Bester
104700,Daniel Vallverdu
104887,Piero Luisi
103820,Alan Mackin
103978,Rabie Chaki
108953,Juan Lorenzo Gonzalez
108952,Jose Roberto Velasco
105053,Santiago Giraldo
104113,Carlos Salamanca
104712,Israel Morales
108956,Jesus Francisco Felix
104368,Daniel King Turner
104463,Dmitriy Makeyev
108947,West Nott
108960,Michael Lai
105009,Elbert Sie
108964,Faisal Aidil
104040,Adam Thompson
108925,Ahmad Rabeea Muhammad
108973,Carl Sundberg
103668,Lazar Magdincev
104234,Predrag Rusevski
104476,Louk Sorensen
104882,Blaz Kavcic
103860,Timo Nieminen
108682,Stephen Nugent
104789,Sherif Sabry
104292,Izak Van Der Merwe
104695,Fritz Wolmarans
104217,Simon Stadler
105194,Nick Lindahl
104897,Matthias Bachinger
104978,Daniel Brands
104121,Tobias Summerer
104864,Alex Kuznetsov
104779,Jamie Baker
104327,Steve Darcis
104397,Laurent Recouderc
104979,Andrey Golubev
105385,Donald Young
104545,John Isner
103553,Alun Jones
104620,Simone Bolelli
105453,Kei Nishikori
105373,Martin Klizan
104639,Wayne Odesnik
103893,Paolo Lorenzi
104665,Pablo Andujar
104004,Filip Prpic
105137,Pere Riba
105028,Jesse Levine
103976,Juan Pablo Brzezicki
104262,Flavio Cipolla
104707,Denis Matsukevitch
104227,Augustin Gensse
104719,Marcel Granollers
104635,Robert Smeets
104816,Karan Rastogi
104942,Roman Recarte
105166,Peter Polansky
104200,Juan Manuel Elizondo
104535,Daniel Garza
105216,Yuichi Sugita
104992,Syrym Abdukhalikov
105155,Pedro Sousa
105671,Gastao Elias
104965,Pavol Cervenak
104619,Jesse Huta Galung
104673,Julio Cesar Campozano
105081,Jean Michel Durango
104763,Rafael Arevalo
105497,Jose Hernandez
108930,Juan Carlos Ramirez
108939,Rasid Winklaar
108978,Nick Van Rosberg
108927,Edgar Hernandez Perez
108979,Benito Jose Suriano
104236,Rouzbeh Kamran
104140,Dawid Olejniczak
104775,Adam Kellner
108685,Frederick Sletting Johnsen
104768,Juho Paukku
105122,Karlis Lejnieks
105085,Artem Smirnov
104323,Photos Kallias
104219,Stephane Bohli
104717,Brendan Evans
104731,Kevin Anderson
104914,Ervin Eleskovic
104273,Edouard Roger-Vasselin
104314,Brian Dabul
104724,Eduardo Schwank
104919,Leonardo Mayer
104586,Lukas Rosol
103763,Martin Slanar
104579,Romain Jouan
105173,Adrian Mannarino
104721,Josselin Ouanna
104500,Somdev Devvarman
104628,Alexander Kudryavtsev
105062,Mikhail Kukushkin
103448,Gabriel Trujillo Soler
104216,Maximo Gonzalez
103435,Massimo Dellacqua
105311,Joao Sousa
103543,David Marrero
105064,Thomaz Bellucci
104091,Miguel Angel Lopez Jaen
103850,Sebastian Decoud
105052,Chris Eaton
104281,Ryler Deheart
103863,Mikhail Elgin
105992,Ryan Harrison
105032,Sam Groth
103238,Jean Claude Scherrer
104149,Adrian Cruciat
104823,Bruno Rodriguez
105394,Ilija Martinoski
104810,Zhe Li
108688,Martin Sayer
105464,Christopher Rungkat
108693,Romano Tatuhey
105111,Ivan Endara
105002,Timothy Neilly
104952,Martin Pedersen
104059,Rasmus Norby
105079,Ivan Sergeyev
103851,Conor Niland
105074,Ruben Bemelmans
104583,Filip Polasek
105668,Jerzy Janowicz
105590,Uladzimir Ignatik
105339,Yan Bai
105177,Aditya Hari Sasongko
104402,Clement Morel
104352,Colin Obrien
105011,Illya Marchenko
105573,Henri Kontinen
105149,Reda El Amrani
105386,Janez Semrajc
108691,Khalid Al Nabhani
108692,Mohammed Al Nabhani
104996,Alexander Blom
105221,Mauricio Doria Medina
104800,Mauricio Estivariz
104958,Carsten Ball
104947,Marsel Ilhan
104471,Ivan Dodig
105099,Antonio Veic
105777,Grigor Dimitrov
105098,Alexandre Sidorenko
104095,David Guez
104071,Raven Klaasen
104392,Franco Ferreiro
105558,Guillaume Rufin
104070,Jesse Witten
104547,Horacio Zeballos
105723,Andrey Kuznetsov
105238,Alexandr Dolgopolov
106071,Bernard Tomic
105454,Brydan Klein
104868,James Ward
104623,Josh Goodall
105657,Marius Copil
108701,Juan Sebastian Cabal
105456,Sergio Galdos
104896,Bruno Agostinelli
105738,Tsung Hua Yang
103872,Dimitar Grabuloski
105781,Andrei Vasilevski
103630,Martijn Van Haasteren
105912,Diego Galeano
105471,Cesar Ramirez
105488,Jose Benitez
108717,Francis Casey Alcantara
108909,Jalil Khan
104600,Treat Conrad Huey
104908,Mikal Oliver Statham
105575,Ricardas Berankis
106024,Dovydas Sakinis
103882,Adrians Zguns
108720,Eddy Chala
104910,Tihomir Grozdanov
105967,Henri Laaksonen
105585,Ze Zhang
105001,Mao Xin Gong
105226,Attila Balazs
105430,Radu Albot
104067,Goran Tosic
105499,Christopher Diaz Figueroa
108713,Julen Uriguen
108728,Cheuk Wai Hui
106664,Brian Hung
108962,Razlan Rawi
105147,Tatsuma Ito
106026,Yuki Bhambri
105051,Matthew Ebden
104460,Dustin Brown
105154,Joao Souza
104948,Petar Jelenic
104997,Igor Sijsling
104963,Yannick Mertens
105842,Di Wu
105431,Ariel Behar
103531,Thomas Oger
105132,Jurgen Zopp
104901,Vladimir Ivanov
104945,James Mcgee
104489,Barry King
105827,Laurynas Grigelis
104909,Sunu Wahyu Trijati
105812,David Agung Susanto
105060,Aldin Setkic
104191,Ismar Gorcic
105379,Aljaz Bedene
108742,Siu Fai Kelvin Lam
108715,Nicolas Salama
105625,Alvaro Raposo De Oliveira
104631,Harshana Godamanna
105402,Peerakiat Siriluethaiwattana
105579,Kittipong Wachiramanowong
104594,Marinko Matosevic
105077,Albert Ramos
105936,Filip Krajinovic
104249,Marcelo Melo
103926,Daniel Munoz de la Nava
104714,Julian Reister
104735,Tobias Kamke
104770,Martin Fischer
106045,Denis Kudla
105036,Hyun Joon Kim
105790,Yong Kyu Lim
105148,Hsin Han Lee
105656,Marcelo Arevalo
108744,Rodrigo Rappaccioli
106198,Hugo Dellien
104934,Thomas Kromann
105408,Soren Wedege
105442,Sebastien Vidal
108961,Abd Hazli Bin Zainuddin
108747,Dineshkanthan Thangarajah
106000,Damir Dzumhur
104949,Weerapat Doakmaiklee
108746,Austen Childs
105367,Daniel Alejandro Lopez Cassaccia
105641,Blaz Rola
105961,David Souto
105015,Franko Skugor
104967,Alexander Sadecky
105065,Tim Smyczek
105332,Benoit Paire
105683,Milos Raonic
106158,Suk Young Jeong
105030,Michael Venus
104494,Adrian Ungur
105539,Evgeny Donskoy
105676,David Goffin
104677,Artem Sitak
104804,Amir Weintraub
105152,Marcin Gawron
105004,Dimitar Kutrovsky
105012,Alexander Bury
105916,Marton Fucsovics
108980,Luis Delgado
105145,Jaak Poldma
104146,Jonathan Chu
105566,Shahin Khaledan
105681,Soong Jae Cho
105201,Marc Abdulnour
105935,Duilio Beretta
105541,Alex Llompart
105583,Dusan Lajovic
105318,Thomas Schoorel
105270,Maxime Teixeira
105894,Javier Marti
103676,Michael Yani
105428,Marcus Daniell
105577,Vasek Pospisil
104297,Rogerio Dutra Silva
106220,Dimitar Kuzmanov
104377,Theodoros Angelinos
108770,Nicholas Sayer
105773,Bruno Abdel Nour
103043,Coenie Van Wyk
104839,Yassine Idmbarek
105830,Hicham Khaddari
108764,Chris Brandi
108768,Gabriel Flores Ruiz
108767,Gonzales Austin
104850,Jonathan Dasnieres De Veigy
105128,Guillermo Olaso
105643,Federico Delbonis
105649,Cedrik Marcel Stebe
104226,Bastian Knittel
105930,Daniel Kosakowski
104661,Pierre Ludovic Duclos
106058,Jack Sock
105066,Grzegorz Panfil
106150,Jeson Patrombon
104415,Colin Fleming
105254,Nikola Mektic
105561,Alessandro Giannessi
104633,Mathieu Rodrigues
104023,Nicolas Renavand
104681,Sebastian Rieschick
106233,Dominic Thiem
104857,Robert Farah
105902,James Duckworth
105554,Daniel Evans
104856,Min Hyoek Cho
105946,Liang Chi Huang
105899,Martin Cuevas
105985,Darian King
104656,Haydn Lewis
105299,Dzmitry Zhyrmont
104803,Younes Rachidi
105156,Federico Zeballos
106232,Roberto Cid
105747,Karim Mohamed Maamoun
105909,Sam Barry
105688,Manuel Sanchez
108776,Vimuktha De Alwis
104920,Denys Molchanov
105334,Luis David Martinez
106175,Ricardo Rodriguez
104858,Enrique Olivares
105255,Bassam Beidas
105487,Facundo Bagnis
105874,Albano Olivetti
105138,Roberto Bautista Agut
105434,Ruan Roelofse
108784,Kevin Kung
108783,Daniel Llarenas
107552,Laurent Bram
105182,Antso Rakotondramanga
106201,Maxim Dubarenco
106309,Wisnu Adi Nugroho
106169,Vladyslav Manafov
105300,Sergio Gutierrez Ferrol
105438,Inigo Cervantes Huegun
106207,Mate Pavic
104932,Kenny De Schepper
105477,Marco Trungelliti
105449,Steve Johnson
104667,Philipp Oswald
105404,Michael Mcclune
105614,Bradley Klahn
106261,Dennis Novikov
104986,Vishnu Vardhan
105072,Sanam Singh
105877,Emilio Gomez
105933,Roberto Quiroz
104256,Clement Reix
104672,Vincent Millot
105655,Hiroki Moriya
105113,Patrik Rosenholm
105357,John Millman
105633,Mohamed Safwat
105286,Greg Jones
106227,Ji Sung Nam
106034,Yasutaka Uchiyama
105630,Tomislav Ternar
111167,Ugo Nastasi
106100,Micke Kontinen
105349,Harri Heliovaara
111181,Pruchya Isarow
108748,Lukas Mugevicius
104960,Miguel Angel Reyes Varela
125571,Christian Garay
106410,Jorge Brian Panta Herreros
104604,Ruben Gonzales
105372,Issam Al Tawil
106350,Andre Gaspar Murta
104516,Arnau Brugues Davi
106426,Cristian Garin
104970,Matteo Viola
104651,Martin Alund
105550,Guido Pella
106043,Diego Schwartzman
105733,Rhyne Williams
105436,Markus Eriksson
105278,Alexis Klegou
117365,Petros Chrysochos
122047,Luciano Ramazzini
106078,Egor Gerasimov
125781,Rogelio Siller
105239,Daniel Glancy
105807,Pablo Carreno Busta
106298,Lucas Pouille
106401,Nick Kyrgios
105806,Mirza Basic
106378,Kyle Edmund
105526,Jan Lennard Struff
105472,Nils Langer
106328,Christian Harrison
106290,Filip Peliwo
105376,Peter Gojowczyk
105707,Nicolaas Scholtz
105413,Andrej Martin
109520,Herkko Pollanen
105271,Gonzalo Escobar
111575,Karen Khachanov
103708,Jaroslav Pospisil
105080,Miloslav Mecir Jr
105732,Pierre Hugues Herbert
106368,Ramkumar Ramanathan
106210,Jiri Vesely
106423,Thanasi Kokkinakis
144773,Jose Olivares
124063,Santiago Maresca
105031,Saketh Myneni
106393,Frederico Ferreira Silva
106174,Gonzalo Lama
109737,Markos Kalovelonis
111426,John Morrissey
111453,Mikael Torpegaard
134302,Mantas Bugailiskis
134677,Juan Borba
106033,Romain Arneodo
106121,Taro Daniel
106397,Wishaya Trongcharoenchaikul
106194,Nutthanon Kadchapanan
106392,Thien Nguyen Hoang
144775,Linh Giang Trinh
105292,Alejandro Gonzalez
126209,Peter Bertran
106432,Borna Coric
105613,Norbert Gombos
106387,Mazen Osama
108749,Sergis Kyratzis
109336,Ayoub Chakrouni
104283,Minh Quan Do
108786,Seanon Williams
106136,Warit Sornbutnark
104873,Aleksandr Nedovyesov
106148,Roberto Carballes Baena
118053,Ognian Kolev
106243,Mate Delic
106186,Jason Kubler
110748,Nikola Milojevic
105678,Axel Michon
105047,Tim Puetz
106291,Luke Saville
105302,Ante Pavic
111200,Elias Ymer
105872,Christian Lindell
105952,Renzo Olivo
105572,Austin Krajicek
106053,Philip Davydenko
105161,Yann Marti
100644,Alexander Zverev
126094,Andrey Rublev
111202,Hyeon Chung
122687,Rodrigo Senattore
105853,Tigre Hank
123983,Nerman Fatic
108766,Samir Iftikhar
105934,Chuhan Wang
105932,Nikoloz Basilashvili
111797,Nicolas Jarry
105589,Gerald Melzer
111577,Jared Donaldson
104563,Luca Vanni
106415,Yoshihito Nishioka
106032,Facundo Arguello
105819,Guido Andreozzi
105070,Hans Podlipnik Castillo
121896,Gabor Borsos
106342,Martins Podzus
105586,Alexandar Lazov
108780,Lofo Ramiaramanana
106249,Joao Domingues
105490,Jui Chen Hung
106237,Chieh Fu Wang
117356,Cem Ilkel
105493,Tomislav Brkic
111761,Benjamin Lock
103902,Jan Mertl
105963,Arthur De Greef
106390,Matteo Donati
105917,Gianni Mina
105063,Andrea Arnaboldi
126203,Taylor Fritz
106281,Liam Broady
105441,John Patrick Smith
120792,M Abid Ali Khan Akbar
126473,Aljaz Radinski
106247,Nik Razborsek
111805,Seong Chan Hong
200272,Jean Jacques Rakotohasy
200274,Alex Diaz
120401,Tucker Vorster
134886,Sharmal Dissanayake
200273,Hady Habib
105626,Takanyi Garanganga
105820,Juan Carlos Saez
105954,Peter Nagy
106293,Kimmer Coppejans
123755,Daniel Elahi Galan
105512,Alexander Sarkissian
105269,Marcelo Demoliner
105826,Alejandro Gomez Gb42
104629,Adrian Menendez Maceiras
105542,Bastian Trinker
144719,Jaume Munar
110602,Dennis Novak
126207,Frances Tiafoe
122321,Marat Deviatiarov
111190,Zhizhen Zhang
106234,Aslan Karatsev
200537,Nicolas Xiviller
105341,Thomas Fabbiano
105881,Matthew Barton
111442,Jordan Thompson
111460,Quentin Halys
117357,Omar Jasika
111511,Noah Rubin
106329,Thiago Monteiro
122548,Edan Leshem
200247,Alexandar Lazarov
125802,Ilya Ivashka
144841,Christian Sigsgaard
144813,Benjamin Hannestad
126340,Viktor Durasovic
134770,Casper Ruud
106412,Lucas Gomez
120798,Hans Hach Verdugo
108739,Wilfredo Gonzalez
108761,Mikelis Libietis
200031,Lucas Catarina
144799,Miguel Angel Este
200619,Sebastian Arcila
200620,Ignacio Garcia
144750,Lloyd Harris
108741,Mohd Assri Merzuki
122669,Juan Pablo Varillas
122533,Nam Hoang Ly
128034,Hubert Hurkacz
106065,Marco Cecchinato
106075,Jozef Kovalik
106216,Bjorn Fratangelo
126205,Tommy Paul
106361,Adam Pavlasek
106288,Mathias Bourgue
111578,Stefan Kozlov
106421,Daniil Medvedev
124014,Ernesto Escobedo
105650,Marcus Willis
144797,Carl Soderlund
123921,Calvin Hemery
144923,Louis Wessels
106044,Nicolas Kicker
104235,Matwe Middelkoop
106138,Yaraslav Shyla
126190,Nicolas Alvarez
106137,Tristan Lamasine
105677,Nikola Cacic
105731,Steven Diez
133430,Denis Shapovalov
124187,Reilly Opelka
105596,Jan Satral
134120,Kuan Yi Lee
106167,Joris De Loore
111794,Kamil Majchrzak
134472,Antoine Bellier
106225,Andrew Whittington
122330,Alexander Bublik
144707,Mikael Ymer
200282,Alex De Minaur
144642,Tomas Barrios Vera
105467,Jordi Munoz Abreu
137018,Ayed Zatar
200621,Bruno Britez
123965,Rodrigo Banzer
106106,George Tsivadze
202165,Alberto Lim
127143,Jirat Navasirisomboon
126526,Soren Hess Olesen
202382,Simen Sunde Bratholm
106085,Hamid Reza Nadaf
106035,Isak Arvidsson
123795,Altug Celikbilek
138846,Hong Kit Jack Wong
105943,Federico Gaio
200059,Yibing Wu
122078,Dmitry Popko
105432,Prajnesh Gunneswaran
106381,Temur Ismailov
200416,August Holmgren
111513,Laslo Djere
106420,Gianluigi Quinzi
144760,Amine Ahouda
105870,Yannick Hanfmann
126127,Benjamin Bonzi
109303,Stefano Napolitano
127157,Daniel Altmaier
111815,Cameron Norrie
124116,Sebastian Ofner
117361,Akira Santillan
111153,Christopher Eubanks
105163,Gleb Sakharov
105181,Miljan Zekic
105960,Evan King
105815,Tennys Sandgren
106283,Mitchell Krueger
105882,Stefano Travaglia
105634,Viktor Galovic
120424,Yannick Maden
126774,Stefanos Tsitsipas
111581,Michael Mmoh
126610,Matteo Berrettini
106120,Ricardo Ojeda Lara
111456,Mackenzie Mcdonald
109739,Maximilian Marterer
132283,Lorenzo Sonego
105578,Cristian Rodriguez
106252,Joao Pedro Sorgi
200436,Zsombor Piros
144817,Marc Andrea Huesler
106353,Pedja Krstin
126502,Luis Diego Chavez Villalpando
126174,Youssef Hossam
127570,Rodrigo Arus
138845,Anthony Jackie Tang
134217,Skyler Butts
126530,Peter Bothwell
133975,Benjamin Hassan
202358,Chun Hsin Tseng
200460,John Bryan Decasa Otico
106250,Luis Patino
126613,Bogdan Borza
200325,Emil Ruusuvuori
124126,Sarp Agabigun
126535,Carlos Taberner
144895,Corentin Moutet
134868,Tallon Griekspoor
106105,Guilherme Clezar
200000,Felix Auger Aliassime
200095,Nicola Kuhn
200075,Yshai Oliel
126939,Khumoun Sultanov
208029,Holger Rune
126204,Gerardo Lopez Villasenor
207415,Daniel Michalski
106021,Dragos Dima
202210,Edris Fetisleam
207139,Palaphoom Kovapitukted
208028,Francisco Llanes
106072,Alexey Vatutin
126523,Bernabe Zapata Miralles
105948,Federico Coria
106110,Filip Horansky
106109,Alex Bolt
200484,Rudolf Molleker
126652,Jay Clarke
105359,Jason Jung
106177,Oriol Roca Batalla
109054,Daniel Masur
106218,Marcos Giron
136440,Dominik Koepfer
200005,Ugo Humbert
127300,Jurabek Karimov
133297,Yosuke Watanuki
111197,Jonathan Mridha
106005,Constant Lestienne
106099,Salvatore Caruso
106214,Oscar Otte
200615,Alexei Popyrin
200175,Miomir Kecmanovic
106228,Juan Ignacio Londero
106398,Pedro Cachin
126156,Antoine Hoang
111790,Brayden Schnur
106296,Gregoire Barrere
205734,Thiago Seyboth Wild
206173,Jannik Sinner
200221,Alejandro Davidovich Fokina
200611,Elliot Benchetrit
105906,Kevin Krawietz
126120,Nino Serdarusic
126952,Soon Woo Kwon
110536,Kevin King
126237,Gian Marco Moroni
117360,Marc Polmans
117353,Duck Hee Lee
202385,Jenson Brooksby
200553,Alen Avidzba
126149,Gianluca Mager
201995,Cayetano March
122109,Sanjar Fayziev
207797,Jonas Forejtek
105757,Sandro Ehrat
208055,Ajeet Rai
144650,Rhett Purcell
209188,Ari Fahresi
126555,Tung Lin Wu
106223,Aleksandre Metreveli
202262,Filip Cristian Jianu
202475,Philip Henning
200390,Kacper Zuk
124079,Pedro Martinez
126214,Alejandro Tabilo
105406,Roberto Marcora
206909,Brandon Nakashima
207989,Carlos Alcaraz
202195,Maxime Cressy
200670,J J Wolf
106331,Christopher Oconnell
111576,Sumit Nagal
207518,Lorenzo Musetti
200514,Jurij Rodionov
105841,Lorenzo Giustino
200384,Hugo Gaston
200624,Sebastian Korda
105905,Danilo Petrovic
126504,Andrea Pellegrino
126128,Roman Safiullin
127339,Borna Gojo
126609,Patrik Niklas Salminen
202261,Otto Virtanen
206716,Lukas Hellum Lilleengen
131951,Daniel Cukierman
110686,Finn Tearney
200574,Alexander Donski
209080,Blaise Bicknell
144932,Kristjan Tamm
206750,Daniil Glinka
209870,Gunawan Trismuwantara
207669,Robert Strombachs
125842,Adam Moundir
209119,Aissa Benchakroun
209226,Adolfo Daniel Vallejo
209225,Martin Antonio Vergara Del Puerto
202065,Petros Tsitsipas
209874,Maks Kasnikowski
208518,Hazem Naw
200267,Zizou Bergs
207830,Tomas Machac
126845,Max Purcell
207733,Jack Draper
126239,Arthur Rinderknech
200240,Vit Kopriva
126623,Alexander Erler
106408,Mario Vilella Martinez
208502,Dominic Stricker
209070,Arthur Cazaux
126846,Aleksandar Vukic
144684,Alex Molcan
202104,Sebastian Baez
122298,Botic Van De Zandschulp
131934,Andrea Vavassori
207213,Duje Ajdukovic
202103,Francisco Cerundolo
127760,Lukas Klein
111505,Enzo Couacaud
208260,Zachary Svajda
124186,Alexandre Muller
132686,Nuno Borges
207678,Juan Manuel Cerundolo
208013,Dane Sweeny
144869,Tomas Martin Etcheverry
207608,Timofey Skatov
202090,Adrian Andreev
126409,Hugo Grenier
106302,Andrew Harris
117358,Harry Bourchier
207925,Flavio Cobolli
121531,Mats Moraing
209867,Daniil Ostapenkov
123961,Murkel Alejandro Dellien Velasco
126107,Michael Geerts
126197,Orlando Luz
200335,Felipe Meligeni Alves
207799,Matheus Pucinelli De Almeida
111187,Kaichi Uchida
202122,Yuta Shimizu
144826,Aziz Dougaz
200297,Aziz Ouakaa
202269,Justin Barki
200572,Nick Hardt
207249,Alexandros Skorilas
105587,Tom Kocevar Desman
210107,Bor Artnak
200622,Hernando Jose Escurra Isnardi
208843,Jerome Kym
208937,Kasidit Samrej
144985,Ergi Kirkin
133018,Michail Pervolarakis
126663,Juan Pablo Ficovich
208103,Jiri Lehecka
133835,Gijs Brouwer
200303,Pavel Kotov
126627,Johan Nikles
131905,Manuel Guinard
200116,Camilo Ugo Carabelli
144645,Zdenek Kolar
126646,Tim Van Rijthoven
126106,Ryan Peniston
202400,Alastair Gray
106310,Alexander Ritschard
211346,Andres Martin
210097,Ben Shelton
209209,Filip Misolic
206748,Giulio Zeppieri
106162,Franco Agamenone
208014,Rinky Hijikata
207834,Juan Alejandro Hernandez Serrano
207182,Emilio Nava
200587,Brandon Holt
206499,Aleksandar Kovacevic
208134,Luca Nardi
200677,Rio Noguchi
208859,Francesco Passaro
200374,Nicolas Alvarez Varona
211468,Luis Carlos Alvarez Valdes
200711,Nicolas Mejia
104905,Nicolas Barrientos
144814,Eero Vasa
200647,Sho Shimabukuro
200672,Sergey Fomin
207660,Nicholas David Ionel
208057,Diego Fernandez Flores
200278,Simon Carr
200279,Osgar Ohoisin
207772,Yuttana Charoenphon
134087,Johannes Ingildsen
209284,Elmer Moller
209866,Karlis Ozolins
200473,Valentin Vacherot
207973,Ainius Sabaliauskas
210142,Olaf Pieczkowski
210753,Matic Kriznik
209409,Coleman Wong
144751,Rigele Te
209871,Amr Elsayed Abdou Ahmed Mohamed
202120,Rowland Phillips
209362,Aristotelis Thanos
208414,Sylvestre Monnou
208852,Stefanos Sakellaridis
207494,Dalibor Svrcina
209992,Juncheng Shang
209260,Luciano Darderi
209950,Arthur Fils
123896,Matija Pecotic
207680,Facundo Diaz Acosta
209857,Leandro Riedi
202235,Jacopo Berrettini
109686,Riccardo Bonadio
209414,Luca Van Assche
123809,Ivan Gakhov
208286,Matteo Arnaldi
207686,Alexander Shevchenko
209406,Abedallah Shelbayh
206681,Fabian Marozsan
208010,Pablo Llamas Ruiz
144821,Genaro Alberto Olivieri
202058,Thiago Agustin Tirante
208004,Harold Mayot
123828,Jan Choinski
209098,Hamad Medjedovic
209863,Leo Borg
210506,Alex Michelsen
210319,Ethan Quinn
111454,Li Tu
209976,Dino Prizmic
209113,Gabriel Diallo
208300,Omni Kumar
200318,Yu Hsiou Hsu
208169,Titouan Droguet
210150,Jakub Mensik
210340,Philip Sekulic
208230,Alibek Kachmazov
202320,Beibit Zhukayev
209279,Terence Atmane
207352,Bu Yunchaokete
208278,Shintaro Mochizuki
208659,Giovanni Mpetshi Perricard
210136,Mark Lajal
200218,Mate Valkusz
126129,Billy Harris
200008,Alexis Galarneau
209860,Ignacio Buse
208071,Oleksii Krutykh
200550,Vladyslav Orlov
208361,Gustavo Heide
210220,Edas Butvilas
209147,Vilius Gaubas
208293,Gonzalo Bueno
207736,Arklon Huertas Del Pino
138485,Conner Huertas Del Pino
209907,Viacheslav Bielinskyi
149843,Conor Gannon
149283,Freddy Murray
207132,Ki Lung Ng
209120,Yassine Dlimi
200014,Digvijaypratap Singh
149285,Mustapha El Natour
210202,Rodrigo Pacheco Mendez
208223,Alvaro Guillen Meza
207841,Muhammad Shoaib
200270,Alex Knaff
208210,Chris Rodesch
212051,Joaquin  Aguilar Cardozo 
124040,Colin Sinclair
209868,Kaipo Marshall
126762,Aleksandre Bakshi
206600,Zura Tkemaladze
208182,Saba Purtseladze
118808,Daniel Vallejo
207461,Mousa Alkotop
200575,Johannes Seeman
207134,Fitriadi M Rifqi
202335,Raphael Calzi
121411,Moez Echargui
144949,Menelaos Efstathiou
100771,Kelvin Belcher
107700,Mark Long
100364,Jonathan Smith
100722,Michael Fancutt
100801,Richard Akel
100680,Peter Johnston
107147,Guillermo Minutella
106930,Eleuterio Martins
100604,Egan Adams
124487,Ernesto Vazquez Barreira
100244,John Alexander
107582,Luca Gasparini
101350,Christian Feenstra
100802,Charles Honey
100649,David Dowlen
100259,Peter Feigl
101336,Dan Nahirny
107639,Marcel Van Der Merwe
100540,Drew Gitlin
106751,Christoph Meyer
101599,Thierry Grin
107688,Mark Greenan
100906,Antony Emerson
101509,Patrick Flynn
101366,David Macpherson
108295,Stephan Bienz
100281,Sashi Menon
108257,Shoichi Tatsuno
107819,Minoru Ueda
100566,Hitoshi Shirato
123200,Kenzo Ukon
100149,Toshiro Sakai
107484,Kazuya Morita
100241,Joel Bailey
108256,Shoichi Horiuchi
107183,Hatem Mcdadi
100647,Kiyotaka Tachibana
100705,Erik Vant Hof
100703,Randy Nixon
100569,Toru Yonezawa
107178,Haruo Nakano
108351,Takeshi Murakami
100333,Shigeyuki Nishio
100496,Charles Buzz Strode
100779,Kevin Moir
101389,Oren Motevassel
100450,Leo Palin
100116,Sherwood Stewart
101267,Michael Oberleitner
100255,Roscoe Tanner
100568,John Mattke
100860,William Notar
101056,Chuck Willenborg
100585,Van Winitsky
100422,Bruce Manson
100535,Tony Giammalva
107262,Jacques Grandjean
107590,Luis Borfiga
100520,Juan Farrow
100575,Andy Andrews
100486,Christophe Roger Vasselin
100526,Ricardo Ycaza
100872,Rill Baxter
100704,Billy Nealon
100677,Bob Blazekovic
100672,Derek Segal
100839,Laird Dunlop
100804,Henri De Wet
100523,Erick Iskersky
100503,Lorenzo Fargas
107721,Martin Valenti
107696,Mark Jeffrey
100854,Leighton Alfred
101325,Jason Goodall
100988,Peter Thrupp
100126,Stan Smith
110787,Abdel Halem Azzi
110784,Kamel Harrad
100599,Bernard Boileau
106700,Carlos Gomez
101038,Alfonso Mora
108552,Yannos Hadjigeorgiou
108806,Martin Aguirre
107829,Morten Ronneberg
110978,Albert Teo
107478,Kaoru Maruyama
110988,Islam Ul Haq
111065,Mike Van Kauvenbergh
110984,Selvarajoo Selvarajoo
110972,Kian Wah Yeo
111080,Nagy Kabaz
110940,Miloud Doumbia
111102,Chareonchai Tritilinant
111114,Niranjan Casie Chitty
110896,Hassan Soudani
110895,Abdel Majid Soudani
110798,Elias Bramly
108265,Simon Robinson
107618,Malcolm Elley
101405,Ugo Colombini
100470,Juan Carlos Andrade
101323,Tim Trigueiro
107884,Oliver Ploner
101502,Torben Theine
101111,Rudiger Benz
100307,Paul Torre
101112,Michele Fioroni
106978,Fabio Di Mauro
100914,Jean Marc Piacentile
107200,Herve Bardot
108368,Tetsu Kuramitsu
100664,Stephan Medem
100596,Bill Cowan
100878,Christoph Zipf
100858,Hans Fredborg
100367,Belus Prajoux
100869,Jon Sorbo
101077,Bobby Blair
107725,Masayoshi Takeyari
101134,Fredrik Waern
100492,John Austin
110785,Philippe Koffi
100330,David Imonitie
110858,Phivos Zachariades
107838,Nael Zaki
107895,Orlando Agudelo
109309,Steven Schranz
110932,Denis Galea
108528,Wojceh Jamroz
109055,Atlihan Binoz
110966,Shoukry Srourian
106997,Ferenc Csepai
108177,Roselle Nilo Natividad
100497,Markus Gunthardt
111050,Abdel Monem Bornaz
111051,Saad El Ragig
111084,Jilani Bouhafa
111085,Karim Fliss
110887,Arjun Perera
111111,Victor Pereira
100731,Hector Ortiz
101493,Christian Weis
108002,Philippe Lacombrade
107940,Paul Chaput
101445,Alessandro Baldoni
107828,Morees Dubruyn
101032,Henry Somerville
101328,Mihnea Ion Nastase
101619,David Wells Roth
100812,Gerald Mild
108293,Stefano Mezzadri
101963,Emmanuel Marmillod
106829,David Betous
108352,Takeshi Omono
107640,Marcello Bassanelli
108227,Sebastian Soresini
108018,Pierre Lemoine
106749,Christoph Geukens
101075,Dexter Macbride
101447,Santiago Mora
101565,Marius Barnard
101435,Brian Gyetko
100733,Woo Ryong Lee
101043,Johan Vekemans
108008,Phillip Williamson
101198,Steve Kennedy
101259,Mike Baroch
100838,Steve Wood
110783,Yassine Amier
107366,Johan De Preter
106509,Alvaro Garron
110868,Alioune Toure
108179,Rotimi Akinloye
110797,Adel Brahim
110973,Khairuddin Baharom
108824,Daryl Delicata
110886,Frank Sebaratnam
111101,Neil Rajapakse
111108,Kaya Saydas
111112,Tan Ah Peng
111116,Hrage Magarian
100819,Daniel Montes De Oca
101760,David Kass
100817,Mark Basham
101570,Vicente Solves
107102,Giovanni Lelli Mami
101310,Conny Falk
101319,Antonio Padovani
101390,Ugo Biagianti
106650,Brad Properjohn
101211,Otis Smith
101505,Darren Kirk
100909,Stefan Heckmanns
106733,Chris Louw
101742,Johan Sandberg
101579,Patrik Wennberg
101881,Oliver Fuchs
107170,Hans Priller
101384,Marco Filippeschi
101419,Frank Dennhardt
107388,John Marinov
100889,Joe De Foor
107497,Kenichi Kiyomiya
101207,Michael Daniel
101637,Brian Roe
108228,Sebastien Gerard
108372,Thibault Kuentz
107894,Omar Urbinati
101925,Massimo Boscatto
107245,Ivano Cappelloni
101065,Joel Figueras
108060,Remi Gilberton
101779,Pavel Vizner
107149,Gunther Vanderveeren
102008,Johan Alven
101045,Craig Boynton
107128,Grant Saacks
101041,Geoff Roper
101486,Victor Lopez Moron
101694,David Franco
107678,Marius Masencamp
101556,Carl Turich
101159,Gustav Fichardt
101355,Richard Whichello
100959,Chris Kennedy
101676,Adam Anderson
108468,Victor Caballero
108321,Steven Alger
106689,Carlos Alvarado
101163,Juan Pablo Queirolo
110907,Pierre Moudourou
106593,Asif Karim
100487,Renald Etienne
107929,Patrice Baker
110970,Ali Al Zubaidi
110971,Youssef Hassan
110980,Melvin Pereira
111032,Anthony Navarrosa
111069,Mehdi Ben Ismail
111070,Hatem Debbeche
111075,Chin Chuan Chow
110945,Jacques Vincileoni
107662,Marco Seruca
111109,Mounged Bouhassoun
100980,Edvaldo Oliveira
107028,Francisco Pinto
101423,John Boytim
101125,Ville Jansson
101129,Andrew Lobb
101385,Mario Carnevale
106937,Emilio Marturano
106923,Eduardo Mandarino
101433,Austen Brice
108500,Warren Green
101342,Patrick Galbraith
101508,Magnus Zeile
101363,Vojtech Flegl
101670,Martin Schaffl
101847,Bret Richardson
101438,Michael Bauer
102540,Peter Hajek
101083,Tom Mercer
101283,Dirk Leppen
102080,Will Bull
101193,James Schor
101503,Donni Leaycraft
108367,Tertius Reynders
102071,Robert Janecek
107818,Miles Walker
101299,Sven Salumaa
102187,John Laffnie De Jager
101787,Darren Patten
107201,Hidehiko Tanizawa
108565,Young Min Kwon
107221,Ian Peter Budge
101107,Charles Merzbacher
107374,John Antonas
110812,Alexander Schad
101690,Juan Carlos Bianchi
110816,Valerio Boccito
110829,Barunur Rashid Bhuiyan
110830,Chee Leong Wong
110857,Samer Mourad
110902,Khaled Ezankouli
110904,Abdul Hakim Jteli
110916,Neoclis Neocleous
107979,Peter Flintsoe
108805,Thomas Sorensen
106441,Abdul Kahar Mim
111021,Eyad Shahadeh
111023,Aymen Ibrahim Al Ashwak
111024,Abdullah Al Khalil
107991,Peter Orwa
110985,Rudy Foo
101555,Segun Akinloye
110835,Adrian Clarke
110807,Jimmy Taker
110851,Mohammed Ahmed Saleh
110909,Fabio Sical
111025,Aymen Abou Jaber
111027,Furat Hammadi
111048,Tareq Hadeed
110926,Mark Webster
110925,Orville Adams
100224,Peter Campbell
101302,Ola Jonsson J092
106819,Danilo Pila
110809,Sean Cartwright
110889,Yann Auzoux
110891,Joseph Oyebog
110853,Nader Abdul Ali
110854,Malik Sanjaya Wijemanne
101044,Mark Ozer
101953,Kentaro Masuda
101338,Olivier Soules
107345,Jin So Lee
108159,Rohit Rajpal
110836,Richard Taylor
110912,Wilfredo Henry Torriente
111088,Arne Georg Raabe
102210,Rene Hanak
106967,Ettore Rossetti
101514,Mike Briggs
101210,Nam Ju Bae
106874,Dick Bosse
110883,Xiao Cheng Liu
106873,Di Lin
101886,Ohad Weinberg
108247,Shai Friedman
101707,Yuval Karutzi
108571,Yuval Hirsch
102171,Reinhard Wawra
101995,Krister Wedenby
107375,John Arbanas
108857,Stewart Doyle
110811,Carlos Roberto Paez
110168,Mario Delgado
110810,Lionel Eli
110924,Carlos Chavez
110874,Crepin Ossombi
110875,Christian Bemba
110906,Luc Ondobo
108136,Roberto Raffa
108369,Tetsuya Sato
107537,Kyrian Nwokedi
110908,Jerry Williams
100437,Bjorn Borg
111060,Christian Collange
108752,Shehab Shehab
111113,Jehad Sheet
111045,Khalid Hussain Fitiani
111046,Tawfik Al Ibrahim
102067,Emanuel Rasberger
108263,Silvio Moine
111029,Saleh Bushnaq
110892,Katore Agnamba
107524,Kodzo Apeti
110893,Mensah Gbeboume
108827,Mike Amoah
108883,Kuen Yiep Ho
101331,Alex Nizet
106670,Bruce Steel
101202,Ian Aler
107607,Lukas Thomas
101877,Milan Trneny
101588,Jason Netter
101248,Pat Crow
108520,William Kyriakos
108147,Rodrigo Faria
101616,Serge Soulie
108235,Sergej Skakun
110837,Craig Smith
111028,Mohammed Rahizam Abdul Rahim
110832,Faisal Syed Haq
102204,Nebojsa Djordjevic
107460,Juan Pablo Etchecoin
101661,Nicolas Becerra
101671,Dede Suhendar Dinata
110824,Shibu Lal
110826,Asaf Raja
111031,Derek Yong
102178,Scott Gessner
102454,Hyeong Keun Song
101544,Marcos Perez Hubert
108123,Robert Sliwinski
101089,Pasi Virtanen
111061,Thierry Neiens
110894,Koko Kunkel
101740,Sascha Nensel
107022,Francesco Michelotti
111083,Teza Simunyola
110915,Loucas Christophides
106493,Alexander Windisch
101316,Juan Rios
101536,Murphy Jensen
101863,Roberto Alvarez
102478,Jorg Schors
108195,Salahaddine Adbib
102039,Gaurav Natekar
101983,Andrew Kratzmann
108354,Talito Corrales
101566,Fabien Cousin
106718,Cheng Fong Chang
102417,Steven Baldas
106539,Andrew Mclean
101771,Ashley Naumann
108620,Adel Al Shatti
111049,Abdullah Al Mahmeed
101654,Michael Shyjan
101244,Johan Donar
101472,Tino Anda
102364,Hiram Silfa
102293,Xavier Avila
102529,Thomas Shimada
110943,Adel Lahdhiri
110968,Selim Ben Hadjali
110961,Emmanuel Paddi
110795,Sadri Gueche
108820,Ganiyu Adenekan
110941,Karim Afifi
102062,Guillaume Marx
102760,Rene Nicklisch
101260,Sean Cole
100773,Brian Joelson
101815,Sergio Gomez Barrio
110913,Marinos Baghdatis
110942,Hichem Bramly
102824,John Roddick
102795,Scott Humphries
102173,Rainer Falenti
108429,Tony Bujan
101874,Ciprian Petre Porumb
101573,Carl Chang
108670,Noujeim Hakimi
110796,Noureddine Mahmoudi
102005,Johan De Beer
102161,Robert Kroll
108229,Sebastien Hette
108297,Stephane Andriolo
101231,Ryan Blake
102042,Brandon Coupe
108790,Nicholas Malcolm
108881,Ju Min Lam
108882,Mark Choy
102203,Jonathan Leach
106906,Dusan Prchlik
108833,Farah Al Somali
108443,Toshitsugu Mori
102316,Jong Woong Yoon
108856,Mark Farren
108809,Karim Zaher
108876,El Hadj Diedhiou
101699,Alois Beust
101629,Matt Lucena
101512,Trevor Kronemann
108853,Allan Cooper
108795,Jean Noel Said
108864,Sergei Baranov
102596,Christian Hill
102206,Stephane Matheu
101959,Robert Eriksson
101893,Patrick Mohr
102490,Pantelis Moschoutis
103059,Radovan Chrz
108995,Otakar Jurecka
102282,Tetsuya Chaen
101418,Herve Grenier
108214,Scott Clark
102365,Donny Susetyo
102511,Sven Koehler
108732,Carlos Martin Navarro Vergara
107653,Marco Cacopardo
101617,Dennis Schmid
102430,Adam Peterson
102605,Jaka Bozic
102891,Rodolfo Varela
101424,Brent Haygarth
102373,Toshiaki Sakai
102207,Jan Weinzierl
102971,Christophe Bosio
108730,Sten Sumberg
108865,Gitanas Mazonas
101841,Aleksandar Kitinov
102624,Andrew Painter
101669,Gary Henderson
108866,Denis Ivancovas
102208,Rob Givone
102354,Jerome Hanquez
101625,Steve Herdoiza
102600,David Miketa
102572,Igor Gaudi
102015,Tomislav Prpic
102081,Brett Hansen Dent
101994,Remus Farcas
101575,Sulistyo Wibowo
102332,Adolf Musil
101602,Jack Waite
108835,Manjule Weerakoon
102929,Ryan Wolters
108381,Thomas Andersen
103164,Artemi Tchernenko
108798,Victor Trotsko
108869,Malcolm Birch
108708,Duane Williams
108837,Graeme Foster
102165,Srinath Prahlad
102276,Sandeep Kirtane
102116,Sang Hoon Lee
102194,Min Kyu Han
102254,Ouassel Hared
108669,Mohammed Mahmoudi
108792,Ognen Nikolovski
108825,Mark Schembri
108861,Goran Popov
108873,Maurizio Capello
108671,Sofiane Rais Ali
106816,Daniel Omaboe
108999,Dan Cantwell
102664,Petr Pala
103005,Denis Yakimenko
101836,Udo Plamberger
102777,Larbi Rharnit
102111,Diego Del Rio
102842,Toby Mitchell
101333,Mark Ferreira
102428,Johan Hede
108834,Tawfiq Moafa
108888,Ee Wei Tan
108992,Alexei Belov
102912,Igor Tchelychev
108813,Rafael Goscinny
108884,Yuan Xiong Hui
107185,Hector Nevares
101928,Jorge Cordova
102892,Susheel Narla
102273,David Salvador Estepa
108599,Ivo Lagzdins
108821,Vladimir Margalitadze
108874,Dickson Ogu
107870,Nortay Dowuona
108829,Alexander Ofori
102224,Miguel Pastura
102996,Franz Stauder
102256,Nick Weal
102818,Sergi Duran
102983,Henrik Andersson
102961,Nicklas Timfjord
102416,Reed Cordish
102400,Elia Grossi
103405,Rodolfo Rake
102221,Diego Lozano
102575,Julien Chauvin
103112,Ruben Fernandez
102778,Abdul Hamid Makhkamov
108886,Michael John Misa
102377,Reza Nakhai
102323,Regis Lavergne
102578,Fredrik Bergh
103026,Teo Susnjak
103715,Kirill Ivanov Smolensky
108663,Bjorn Munroe
103475,Thomas Messmer
108878,Lency Tenai
108879,Lawrence Tere
108880,Sanjeev Tikaram
108858,Jermaine Smith
108859,Jesse Smatt
108839,Christopher Lai
102819,Ricardo Omana
102920,Diego Hipperdinger
108848,Khaled Al Haji
108841,Mubarak Al Tobaishi
108731,Roland Theisen
108819,Irakli Kunchulia
103101,Daouda Ndiaye
102577,Steven Randjelovic
102307,Ling Lu
108840,Alex Zakharia
108661,Dentry Mortimer
103298,Piotr Szczepanik
102502,Paul Harsanyi
103753,Boris Bachert
102769,Andres Schneiter
102922,Tomas Catar
101992,Pietro Angelini
108994,Andrew Park
102675,Timur Ganiev
103215,Andre Lopes
103021,Ricardo Schlachter
108991,Sergei Petrouchevsky
108807,Juan Francisco Barragan
108851,Iman Nilipour
102501,Johan Landsberg
103109,Talal Ouahabi
103642,Shan Jiang
103705,Sergei Samoseiko
108802,David Cardoza
108803,Jean Max Mangones
108634,Rodrigo Vallejo
103995,Pedro Leao
102520,Olivier Malcor
102376,Radovan Svetlik
108757,Jean Kome Loglo
108793,Goran Sterijovski
108689,Goran Bosalevski
108804,Diadji Ka
108863,Alvis Tabors
103441,Nikola Gnjatovic
102554,Diego Moyano
102168,Hector Moretti
103306,Florian Allgauer
103027,Markus Menzler
102883,Tom Spinks
102735,Cedric Kauffmann
108662,Lavaughn Munroe
108632,Federico Camacho
108830,Philippe Lacombe
108887,Wael Zeidan
103061,Jan Boruszewski
103958,Philip Gubenco
108998,Patrick Osnua
102458,Jim Thomas
103374,Zoltan Boroczky
108868,Mariusz Zielinski
103497,Artem Derepasko
102963,Robert Lindstedt
103381,Andy Fahlke
102755,Alex Witt
103348,Timo Fleischfresser
103677,Andreas Fasching
103792,Joji Miyao
103131,Michihisa Onoda
102978,Zbynek Mlynarik
103834,Levar Harper Griffith
103350,Denis Golovanov
104282,Dennis Peschek
103256,Ivan Vajda
102984,Martin Garcia
102948,Oliver Freelove
103564,Jakub Herm Zahlava
104156,Sunil Kumar
104188,Diego Camacho
103070,Christophe Pognon
108584,Alexander Vasquez
103377,Seung Hoon Lee
102979,Jeff Coetzee
102283,Yari Bernardo
108586,Augusto Sanabria
108587,Kerlin Leon Zamora
108589,Vasuthevan Ortchuan
108590,Mohammed Nazreen Fuzi Nasruddin
108591,Adam Jaya
108598,Rolando Ruel
103342,Miha Gregorc
108608,Marwan Zewar
110781,Vasilly Kazhera
103281,Ladislav Svarc
103719,Ruben Torres
108797,Luis Diego Nunez
108799,Jorge Tejada
102889,Hee Sung Chung
102714,Ekkarin Pisuth Arnonth
103015,Daniel Melo
104034,Dmitry Vlasov
103365,Javier Garcia Sintes
103290,Radim Zitko
103068,Chemseddine Belal
103282,Tiago Sousa
103914,Omar Awadhy
103546,Patricio Arquez
102805,Matthew Breen
102751,Todd Perry
103637,Marcelo Amador
108609,Patrick Boza
102310,Seung Bok Baek
103491,Mads Gottlieb
103649,Esat Tanik
108611,Victor Ribas
102814,Iurie Gorban
104213,Tigran Martirosyan
108613,Davit Babayan
101790,Elmar Gerth
108614,Raoul Behr
108616,Walter Barahona
108625,Mohammed Rajan Sundera Karuppiah
104270,Marvin Rolle
108626,Antonio Van Grichen
108627,Kevin Jonckheer
108629,Rodrigo Gabriel
198630,Serge Dakessian
108630,Jamal Darmadi
108633,Juan Carlos Gonzalez
108635,Juan Pablo Barboza
104258,Juan Enrique Crosa
108636,Lays Salim
108638,Yazan Al Kasim
108639,Maxime Koffi
102702,Relja Fiser Dulic
104205,Taras Demyanekno
102557,Daniel Willman
104325,Johannes Ager
103358,Nicolas Todero
104126,Adam Kennedy
102865,Doug Bohaboy
103097,Trevor Spracklin
103371,Emin Agaev
103080,Paul Hanley
103092,Nuno Matias
104503,Guillermo Hormazabal
102693,Leonardo Olguin
103988,Mariano Albert Ferrando
102406,Thomas Dupre
108641,Fredrik Aarum
103130,Louis Vosloo
103704,Vladimir Obradovic
103825,Zsolt Tatar
108642,Hayk Hakobyan
108643,Samuel Fumi
108649,Chris Numbers
108650,Peit Hein Boekel
108652,Shane Stone
108653,Troy Stone
108654,Tyler Mayers
108655,Ivor Grazette
108659,Dannio Yahya
108660,Fadi Youssef
101996,David Mullins
108665,Alexandru Andronachi
103317,Gabor Jaross
108666,Harutyun Sofyan
104416,Tiago Godinho
102425,Niko Karagiannis
103711,Jaroslav Levinsky
103353,Ingo Neumuller
104295,Raphael Durek
103520,Pavel Snobel
103037,Andrew Carlson
103609,Matthew Behrmann
103621,Igor Levine
103363,Diego Ayala
104508,Robert Yim
102789,Jay Gooding
102864,Frank Moser
103465,Paul Logtens
106764,Christopher Koderisch
103841,Julio Peralta
103052,Mariano Delfino
104439,Vadim Davletshin
104444,Ryan Henry
103925,Gabriel Moraru
103647,Jun Kato
108673,Leroy Tujeehut
108676,Joel Allen
108677,Daniel Isaza
104752,Dilshod Sharifi
108681,Andrey Stepanov
108683,Kenneth Tuilier Curco
103736,Diego Acuna
108890,Juan Carlos Rebaza Lozano
108891,Jose Antonio Velazquez
108892,Nejc Podkrajsek
108893,Tarek Ben Soltane
104093,Nickolai Dyachok
108895,Mohammed Fawzy
108896,Shahzad Khan
108897,Inam Gul
108898,Christopher Eldon
108899,Davin Russell
103046,Janne Ojala
108900,Thomas Haug
108901,Zibusiso Ncube
108902,Gwinyai Chingoka
104469,Erling Tveit
108904,Nigel Badza
108905,Mansur Yakhyaev
108906,Aziz Avganov
103149,Mathias Hellstrom
104485,Nick Van Der Meer
104807,Mehdi Ziadi
104612,Daniel Yoo
104355,Lester Cook
103039,Tripp Phillips
103847,Adrian Bohane
103328,Andres Pedroso
102545,Pedro Braga
104099,Israel Matos Gil
104228,Guillem Burniol
103422,Sebastian Fitz
108907,Piero Demichelli
104680,Bruno Rosa
108908,Mario Alberto Cayo
103563,Gabriel Pitta
103334,Ronaldo Carvalho
103987,Alessandro Camarco
104286,Vishal Punna
108910,Matthew Prentice
108911,William Ward
108912,Janis Skroderis
108913,Frederick Sundsten
108914,Rachid Baba Aissa
108918,Favel Antonio Freyre Perdomo
108920,Federico Rodriguez
108921,Mohammed Noor Noordin
108923,Wahib Maknieh
108926,David Kvernadze
103762,John Paul Fruttero
104021,Marco Mirnegg
104287,Steven Korteling
104951,Aljoscha Thron
104445,Jose Antonio Sanchez De Luna
105252,Takahiro Ittogi
102945,Luke Bourgeois
104115,Marc Kimmich
103878,Zach Dailey
104732,Phillip Simmonds
105048,Alex Clayton
104486,Horia Tecau
104975,Evgeny Kirillov
103964,Tobias Klein
103646,Lars Uebel
104558,Mohammed Abdulla
104284,Frank Condor
103975,Eric Nunez
103775,Felipe Parada
104037,Phillip Harboe
104743,Kamil Capkovic
108929,Sergio Rojas
108931,Enzo Pigola
108932,Pfungwa Mahefu
108934,Thomas Drouet
108935,Marius Tangen
108936,Oskar Saarne
104689,Terence Nugent
108937,Mikk Irdoja
108938,Charles Irie
104438,Oscar Rodriguez Sanchez
104531,Sergio Ramirez
108940,David Josepa
108943,Augusto Ricciardi Castelli
108944,Stanislav Bykov
108946,Brett Baudinet
104565,Hyun Joon Suk
103209,Leonardo Azzaro
104272,Torsten Popp
105104,Robin Roshardt
104519,Roman Vogeli
104208,Damian Patriarca
104488,Armin Sandbichler
103782,Rameez Junaid
105501,Akash Wagh
103653,Jasper Smit
104161,Tomislav Peric
103984,Julien Mathieu
105014,Antal Van Der Duim
104831,Bartolome Salva Vidal
105231,Luka Belic
104317,David Luque Velasco
103684,Benedikt Dorsch
103623,Jacob Adaktusson
104253,Juan Martin Aranguren
102885,Vishal Uppal
103949,Ivan Cerovic
105016,Serguei Tarasevitch
103467,Victor Bruthans
108948,Alexandr Zotov
108949,Jose Zunino
108951,Leonardo Ramirez
105006,Chu Huan Yi
104028,Goncalo Nicau
103956,Stefan Wauters
104437,Dekel Valtzer
108954,Carlos Alvarez
108955,Elvis Henry
108957,Jorge Villanueva
108958,Damion Johnson
108959,Eldad Campbell
108963,Mohammed Faizal Bin Othman
108965,Muhd Ashaari Bin Zinal Abidin
108966,Igor Chaldounov
108967,Vitaliy Pavlov
108968,Jason Sankey
108969,Antoine Breikeh
108970,John El Khoury
108971,Georgio Bedran
108972,Ibrahim Abou Chahine
105094,Paris Gemouchidis
103643,Lauri Kiiski
104888,Martin Rmus
108974,Christopher Koutrouzas
108975,Petros Baghdatis
103718,David Martin
105131,Tim Goransson
105559,Jonathan Eysseric
104684,Navdeep Singh
104646,Purav Raja
104361,Michel Koning
105189,Pavel Chekhov
103924,Marc Fornell Mestres
103805,Catalin Gard
102388,Simon Aspelin
105261,Roberto Maytin
104988,Vivek Shokeen
105159,Vaja Uzakov
108976,George Chantouria
108977,George Khrikadze
104679,Jamie Murray
105419,Patricio Alvarado
108981,Luis Javier Cuellar Contreras
108982,Yasir Khan
108983,Ali Ismaeel
108984,Henry So
104412,Matt Simpson
108985,Ali Ghareeb
108986,Gilbert Wong
103674,Jonathan Igbinovia
104464,Abdul Mumin Babalola
108987,Rihards Emulins
108988,Mohamed Redha Ouahab
108684,Mehdi Bouabbane
103994,Philip Riise Hansen
104613,Candy Idoko
104484,Lawal Shehu
105831,Marko Djokovic
104334,Alberto Brizzi
104781,Yuichi Ito
103076,Justin Oneal
104830,Matteo Marrai
103437,Francesco Piccari
108993,Abdulla Hajji
103748,Jan Minar
108996,Mahmoud Nader Al Baloushi
108997,Clint Bowles
104192,Marco Crugnola
103822,Scott Lipsky
104692,Alexander Slabinsky
105220,Jun Chao Xu
104470,Komlavi Loglo
105662,Tomislav Jotovski
105101,Blazej Koniusz
108687,Rami Osman
108690,Ayrton Wibowo
108694,Jason Engelhardt
108695,Roman Margoulis
108696,Philippe Grandjean
108697,Mahmoud Ezz
108698,Slah Mbarek
108699,Nodar Itonishvili
108700,Revaz Osadze
104921,Kirati Siributwong
105103,Pavel Katliarov
105003,Wan Gao
108702,George Kallis
108703,Eleftherios Christou
108704,Konstantinos Mikos
105463,Charalampos Kapogiannis
108705,Anis Ghorbel
108706,Sulaiman Al Rawahi
108707,Cesar Escobar Serrano
104595,Sascha Kloer
106090,Daniel Berta
104211,Roman Valent
105730,Devin Britton
104385,Lars Poerschke
105987,Mikhail Biryukov
104550,Ricardo Hocevar
104504,Ross Hutchins
104158,Andrew Anderson
105440,Arsenije Zlatanovic
105180,Daniel Dutra Da Silva
104644,Riccardo Ghedin
105783,Chase Buchanan
105720,Stanislav Vovk
105331,Petru Alexandru Luncanu
104456,Colin Ebelthite
103577,Christopher Kas
108709,Dario Acosta
105029,Sergey Betov
108710,Shendrit Deari
108711,Christopher Lawson
108712,Brandon Burke
108714,Christian Saravia
108716,Amaury Gomez
108718,Vicente Elberto Anasta
104336,Gvidas Sabeckis
104603,Andrei Ciumac
105187,Daniel Danilovic
108719,Nemanja Kontic
108721,Philippos Tsangaridis
105305,Valentin Dimov
108722,Demetrios Leontis
108723,Alexander Tavkhelidze
108724,Valentin Rahmine
108725,Sid Ali Akkal
108726,Dominic Pagon
108727,Tyler Chin
108729,Hassan Al Mousa
105084,James Lemke
105601,Cristobal Saavedra Corvalan
108737,Marco Antonio Rojas
105717,Tzvetan Mihov
108735,Rares Cuzdriorean
103760,Haluk Akkoyun
104654,Baris Erguden
106277,Ariez Elyaas Deen Heshaam
108734,Fredrik Ask
108738,Claudio Dias Conduto
108736,Sebastian Moreno
108743,Rajeev Rajapakse
108740,Cyril Jacobe
104465,Martin Emmrich
104739,Guillermo Alcaide
104512,Ergun Zorlu
105284,Tuna Altuna
108745,Gino Meeuwsen
108750,Adrian Forberg Skogeng
106006,Agustin Velotti
105116,Dusan Lojda
105609,Ilya Belyaev
105941,Felipe Rios
105262,Fernando Romboli
103969,Roman Borvanov
104640,Pablo Galdon
104778,Andrey Kumantsov
108762,Andres Weisskopf
108763,Alberto Emmanuel Alvarado Larin
108759,Sami Ghorbel
108760,Slim Hamza
105606,Mohsen Hossein Zade
106077,Mike Vermeer
108765,Jean Marc Bazanne
105288,Guillermo Rivera Aranguiz
105283,Gerard Granollers
105638,Daniel Cox
106244,Oliver Golding
104106,Ludovic Walter
108771,Romain Radwan
108772,Julius Tverijonas
108773,Julius Gotovskis
108769,Johann Coles
106246,Robin Kern
104820,Erik Chvojka
105521,Juan Sebastian Vivanco
106184,Hong Chung
105091,Peter Torebko
104729,Ivan Nedelko
104718,Luis Diaz Barriga
108774,Marco Aurelio Nunez
106093,Benjamin Mitchell
106325,Jabor Al Mutawa
105175,Kristijan Mesaros
105711,Dino Marcan
105565,Ya Nan Ma
106165,Diego Hidalgo
108777,Jae Min Seol
108785,Anthony Marshall
108778,Christos Hadjigeorgiou
108787,Carlos Taborga
108775,Aymeric Mara
108779,Jacob Rasolondrazana
108781,Ando Rasolomalala
108788,Jose Perdomo
105294,Dennis Lajola
104971,Blake Strode
105120,Andres Molteni
106074,Jung Woong Na
105207,Andrei Daescu
106199,Darius Florin Bragusi
108789,Rafa Orantes
104917,Anas Fattar
108782,Mahammad Abid
105529,Carlos Gomez Herrera
104473,Walter Trusendi
105336,Nicolas Meister
104893,Maxime Authom
104953,Nikolai Fidirko
104693,Dominic Inglot
110476,Mousa Shanan Zayed
104615,Ranjeet Virali Murugesan
105482,Vijayant Malik
109698,Christoffer Konigsfeldt
122260,Jaan Kononov
122261,Marek Marksoo
121908,Naser Al Obaidly
125574,Soteris Hadjistyllis
105852,Viktor Filipenko
125573,Michael Massih
125572,Hillel Rousseau
119511,Loic Didavi
121648,Tunde Segodo
111751,Andres Bucaro
106374,Filip Veger
105169,Jean Andersen
123814,Markus Kerner
119506,Jean Segodo
125783,Magloire Yakpa
125782,Kasparas Zemaitelis
104944,Niels Desein
105100,Edward Corrie
105591,Matt Reid
104847,Adrien Bossel
105528,Alexander Ward
105679,Eduardo Struvay
104627,Boy Westerhof
104275,Josko Topic
122279,Romain Bogaerts
123768,Collin Altamirano
105427,Milos Sekulic
105547,Dean Obrien
126116,Jacob Coenraad De Klerk
105233,Jeevan Nedunchezhiyan
111444,Karim Hossam
144774,William Kirkman
105448,Hsien Yin Peng
105450,Mike Urbanija
111781,Janis Podzus
123915,Arturs Lazdins
118591,Russell Moseley
126223,Abdulhameed Alshatti
144776,Christophe Tholl
123997,Joachim Bjerke
144771,Sebastian Quiros
144772,Salvador Andres Bolanos
106238,Andres Artunedo Martinavarro
109529,Quang Huy Ngo
104446,Dinko Halachev
144777,Constantinos Ioannides
106430,Patrick Ciorcila
104993,Martin Vaisse
106362,Laurent Lokoli
105651,Daniel Smethurst
110636,Clay Thompson
111156,Nathan Pasha
105245,Fabiano De Paula
105703,Jesus Bandres
106299,Bar Tzuf Botzer
105059,Kento Takeuchi
104393,Gregoire Burquier
105999,Bowen Ouyang
106321,Xin Gao
106066,Victor Baluda
104822,N Vijay Sundar Prashanth
105888,Toni Androic
105281,Eric Quigley
104802,Fabrice Martin
121971,Duilio Vallebuona
145023,Maxim Bulat
144854,Rudolfs Mednis
105759,Henrik Sillanpaa
126681,Dawood Sayed Hashim
105250,Mehdi Jdi
145022,Nour Nehme
145016,Julian Saborio
109257,Ignaci Roca
121331,Pablo Nunez
110754,David Vega Hernandez
111506,Maxime Hamou
105325,Germain Gigounon
127326,Ben Patael
134114,Jad Ballout
133301,Giovani Samaha
132566,Dmitrii Baskov
122513,Andrei Soltoianu
200271,Egor Matvievici
105401,Matteo Trevisan
126152,Ryan Shane
105026,Takuto Niki
111192,Lucas Miedler
117352,Oliver Anderson
122570,Mubarak Shannan Zayid
200618,Adam Hornby
136704,Manuel Castellanos
125803,Daniel Windahl
123773,Giorgi Javakhishvili
134854,Irakli Metreveli
122082,Francisco Yim Kim
200525,Abdulrahman Alawadhi
121366,Abdulhamid Mubarak
134507,Tom Diederich
200080,Puriwat Chatpatcharoen
111186,Syed Mohd Agil Syed Naguib
144896,Hao Sheng Koay
123969,Minhtuan Pham
144747,Courtney John Lock
105426,Michael Linzer
105751,Roberto Ortega Olmedo
105515,Jordi Samper Montana
110596,Fred Simonsson
202359,Marvin Moeller
126689,Tadas Babelis
202316,Dac Tien Nguyen
105782,Enrique Lopez Perez
106269,Austin Smith
126143,Andreas Bjerrehus
202219,Tomas Vaise
122471,Danylo Kalenichenko
105775,Marin Draganja
105551,Anil Yuksel
106425,Blake Mott
122635,Alexander Merino
132040,Philip Wilbert Major
106180,Spencer Newman
132028,Justin Lunn
144940,Mattias Siimar
200045,Anthony Susanto
145003,Lucas Andriamasilalao
105798,Tilen Zitnik
123315,Nicholas Campbell
124023,Hei Yin Andrew Li
106311,Marko Tepavac
200125,Mykyta Mashtakov
207277,Illia Biloborodko
105821,Riccardo Bellotti
111515,Thai Son Kwiatkowski
106335,Alexios Halebian
105871,Sekou Bangoura
105692,Alessandro Bega
144972,Geoffrey Blancaneaux
106324,Vaclav Safranek
200516,Patrick Kypson
111574,Jc Aragone
207759,Matthew Foster Estwick
126185,Evgenii Tiurnev
126208,Yusuke Takahashi
111459,Arjun Kadhe
132482,Liam Caruana
207971,Xavier Lawrence
207972,Minjong Park
106333,Julien Cagnina
106391,Adrian Bodmer
122236,Roman Hassanov
105479,Alejandro Mendoza
200483,Peter August Anker
206768,Rafael Eduardo Gonzalez Retana
144807,Kenneth Raisma
200401,Amir Hossein Badi
106396,Cheng Yu Yu
206000,Michel Saade
207176,Muhammad Althaf Dhaifullah
126102,Nicolae Frunza
202462,Yasitha De Silva
207421,Alex Fairbanks
200250,Mehluli Don Ayanda Sibanda
207836,Muzammil Murtaza
124022,Chun Hun Wong
207400,Mark Chigaazira
207479,Soufiane El Mesbahi
206642,Yassir Kilani
207738,Brandon Perez
111795,Filippo Baldi
126125,Maxime Janvier
202130,Emil Reinberg
105691,Scott Griekspoor
138431,Darko Bojanovic
105502,N Sriram Balaji
106348,Evgeny Karlovskiy
200368,Jack Mingjie Lin
106203,Pedro Sakamoto
109640,Andrea Basso
206703,Paul Jubb
211415,Cole Gromley
109699,Julian Lenz
106031,Raymond Sarmiento
144946,Rayane Roumane
144984,Artem Dubrivnyy
110778,Joao Menezes
200526,Juan Lugo
209238,Sebastian Dominguez
132932,Franz Luna Lavidalie
208476,Kyle Johnson
106388,Pak Long Yeung
207852,Wai Yu Kai
126328,Gabriel Donev
200343,David Szintai
208364,Franco Roncadelli
126612,Alexander Cozbinov
124154,Sasi Kumar Mukund
208108,Brian Shi
200265,Ulises Blanch
126964,Vitaliy Sachko
133979,Hasan Ibrahim
132374,Jesse Flores
209869,Rodrigo Crespo Piedra
144687,Quinton Vega
202246,Nikoloz Davlianidze
207401,Sheil Kotecha
208043,Ismael Changawa Ruwa Mzai
206199,Kevin Cheruiyot
202300,Phuong Van Nguyen
209872,Thehan Sanjaya Wijemanne
209873,Eric Jr. Olivarez
205695,Ching Lam
200181,Amer Naow
209903,Lukas Neumayer
105911,Andrea Collarini
200589,Sam Riffice
200336,Trent Bryde
124013,Eduardo Nava
209262,Tristan Schoolkate
126573,Thomas Fancutt
202398,Michael Vrbensky
134840,Raul Brancaccio
209916,Marko Topo
210250,Erik Arutiunian
200310,Alexander Zgirovsky
208317,Roey Tabet
207386,Finn Reynolds
202378,Ignacio Carou
208122,Thabo Ncube
207976,Lluis Miralles
207457,Wojciech Marek
208367,Dimitri Badra
210274,Sebastian Dominko
207826,Siim Troost
120270,Edgars Manusis
126591,Jan Zielinski
207531,Caleb Chakravarthi
208819,Max Hans Rehberg
202197,Carlos Gimeno Valero
144973,Santiago Fa Rodriguez Taverna
207411,Jesper De Jong
202260,Henri Squire
144652,William Blumberg
106292,Hernan Casanova
209890,Mili Poljicak
111436,Nick Chappell
106380,Gonzalo Villanueva
210530,Learner Tien
106057,Facundo Mena
145001,Evan Furness
126283,Yunseong Chung
200096,Dragos Nicolae Madaras
208353,Francesco Maestrelli
211776,Martin Landaluce
211451,Gilles Arnaud Bailly
206589,Gabi Adrian Boitan
200214,Alan Fernando Rubio Fierros
210119,Andrej Nedic
207129,Yanki Erel
208485,Kiranpal Pannu
208653,Isaac Becroft
211570,Cesar Cruz
211571,Daniels Tens
105714,Hugo Nys
209971,Michael Bassem Sobhy
211458,Nathan Anthony Barki
211572,Tegar Abdi Satrio Wibowo
211573,Lucky Candra Kurniawan
207395,Lleyton Cronje
109734,Skander Mansouri
210308,Stylianos Christodoulou
200583,Delmas Ntcha
211768,Manas Dhamne
208233,Mattia Bellucci
126206,Alex Rybakov
210740,Liam Krall
206889,Clement Chidekh
127123,Mateus Alves
211663,Joao Fonseca
210012,Henrique Rocha
207794,Younes Lalami Laaroussi
209405,Daniel Rincon
212021,Martin Landaluce
126533,Alvaro Lopez San Martin
207785,George Loffhagen
209259,Arthur Fery
208118,Eliot Spizzirri
126177,Strong Kirchheimer
134457,Nicolas Moreno De Alboran
200307,Tao Mu
200666,Jie Cui
212044,Yi Zhou
202168,Ye Cong Mo
106187,Denis Yevseyev
200418,Karl Friberg
210696,Alexander Blockx
200188,Matteo Martineau
134518,Patrick Kaukovalta
209914,Andreja Petrovic
212037,Amir Milushev
210200,Yanaki Milev
149282,Nicolai Budkov Kjaer
210686,Michael Agwi
209191,Oleksandr Ovcharenko
209294,Diego Duran
149284,Jose  Flores
207587,Martins Rocens
208206,Walid Ahouda
212040,Daniel Azar
111806,Fajing Sun
211326,Gunawan Trismuwantara
210680,Clement Mainguy
210178,Juan Carlos Prado Angelo
207881,Raul Garcia
212038,Karam Hatamleh
212041,Jacob Bicknell
209278,Alec Beckley
144748,Kris Van Wyk
209280,Devin Badenhorst
